[{"model": "MenuItem.menuitemcategory", "pk": 6, "fields": {"vendor": 1, "name": "鮮泡茶飲"}}, {"model": "MenuItem.menuitemcategory", "pk": 7, "fields": {"vendor": 1, "name": "鮮奶茶飲"}}, {"model": "MenuItem.menuitemcategory", "pk": 8, "fields": {"vendor": 1, "name": "鮮果茶飲"}}, {"model": "MenuItem.menuitemcategory", "pk": 9, "fields": {"vendor": 1, "name": "果汁鮮奶"}}, {"model": "MenuItem.menuitemcategory", "pk": 10, "fields": {"vendor": 1, "name": "奶茶茶飲"}}, {"model": "MenuItem.menuitemcategory", "pk": 11, "fields": {"vendor": 1, "name": "現榨果汁"}}, {"model": "MenuItem.menuitemcategory", "pk": 12, "fields": {"vendor": 1, "name": "冰沙"}}, {"model": "MenuItem.menuitemcategory", "pk": 13, "fields": {"vendor": 1, "name": "熟食"}}, {"model": "MenuItem.menuitemcategory", "pk": 14, "fields": {"vendor": 1, "name": "韓式/台式泡麵"}}, {"model": "MenuItem.menuitemcategory", "pk": 15, "fields": {"vendor": 2, "name": "吐司類"}}, {"model": "MenuItem.menuitemcategory", "pk": 16, "fields": {"vendor": 2, "name": "漢堡類"}}, {"model": "MenuItem.menuitemcategory", "pk": 17, "fields": {"vendor": 2, "name": "潛艇堡類"}}, {"model": "MenuItem.menuitemcategory", "pk": 18, "fields": {"vendor": 2, "name": "小點心"}}, {"model": "MenuItem.menuitemcategory", "pk": 19, "fields": {"vendor": 2, "name": "飲品"}}, {"model": "MenuItem.menuitemcategory", "pk": 20, "fields": {"vendor": 2, "name": "蛋餅類"}}, {"model": "MenuItem.menuitemcategory", "pk": 21, "fields": {"vendor": 2, "name": "抓餅類"}}, {"model": "MenuItem.menuitemcategory", "pk": 22, "fields": {"vendor": 2, "name": "鐵板麵"}}, {"model": "MenuItem.menuitemcategory", "pk": 23, "fields": {"vendor": 2, "name": "厚片類"}}, {"model": "MenuItem.requiredoption", "pk": 1, "fields": {"vendor": 1, "name": "無糖", "description": "0%糖", "price": "0.00"}}, {"model": "MenuItem.requiredoption", "pk": 2, "fields": {"vendor": 1, "name": "微糖", "description": "30%糖", "price": "0.00"}}, {"model": "MenuItem.requiredoption", "pk": 3, "fields": {"vendor": 1, "name": "半糖", "description": "50%糖", "price": "0.00"}}, {"model": "MenuItem.requiredoption", "pk": 4, "fields": {"vendor": 1, "name": "少糖", "description": "70%糖", "price": "0.00"}}, {"model": "MenuItem.requiredoption", "pk": 5, "fields": {"vendor": 1, "name": "正常糖", "description": "100%糖", "price": "0.00"}}, {"model": "MenuItem.requiredoption", "pk": 6, "fields": {"vendor": 1, "name": "去冰", "description": "無", "price": "0.00"}}, {"model": "MenuItem.requiredoption", "pk": 7, "fields": {"vendor": 1, "name": "微冰", "description": "無", "price": "0.00"}}, {"model": "MenuItem.requiredoption", "pk": 8, "fields": {"vendor": 1, "name": "少冰", "description": "無", "price": "0.00"}}, {"model": "MenuItem.requiredoption", "pk": 9, "fields": {"vendor": 1, "name": "正常冰", "description": "無", "price": "0.00"}}, {"model": "MenuItem.requiredoption", "pk": 10, "fields": {"vendor": 1, "name": "多冰", "description": "無", "price": "0.00"}}, {"model": "MenuItem.requiredoption", "pk": 11, "fields": {"vendor": 1, "name": "無", "description": "無", "price": "0.00"}}, {"model": "MenuItem.requiredoption", "pk": 12, "fields": {"vendor": 2, "name": "辣味", "description": "無", "price": "0.00"}}, {"model": "MenuItem.requiredoption", "pk": 13, "fields": {"vendor": 2, "name": "原味", "description": "無", "price": "0.00"}}, {"model": "MenuItem.requiredoption", "pk": 14, "fields": {"vendor": 2, "name": "無", "description": "無", "price": "0.00"}}, {"model": "MenuItem.requiredoption", "pk": 15, "fields": {"vendor": 2, "name": "有糖", "description": "無", "price": "0.00"}}, {"model": "MenuItem.requiredoption", "pk": 16, "fields": {"vendor": 2, "name": "無糖", "description": "無", "price": "0.00"}}, {"model": "MenuItem.requiredoption", "pk": 17, "fields": {"vendor": 2, "name": "葷", "description": "無", "price": "0.00"}}, {"model": "MenuItem.requiredoption", "pk": 18, "fields": {"vendor": 2, "name": "素", "description": "無", "price": "0.00"}}, {"model": "MenuItem.requiredoption", "pk": 19, "fields": {"vendor": 2, "name": "巧克力", "description": "無", "price": "0.00"}}, {"model": "MenuItem.requiredoption", "pk": 20, "fields": {"vendor": 2, "name": "奶酥", "description": "無", "price": "0.00"}}, {"model": "MenuItem.requiredoption", "pk": 21, "fields": {"vendor": 2, "name": "黑芝麻奶酥", "description": "無", "price": "0.00"}}, {"model": "MenuItem.requiredoption", "pk": 22, "fields": {"vendor": 2, "name": "花生", "description": "無", "price": "0.00"}}, {"model": "MenuItem.extraoption", "pk": 1, "fields": {"vendor": 1, "name": "台式麵", "description": "無", "price": "20.00"}}, {"model": "MenuItem.extraoption", "pk": 2, "fields": {"vendor": 1, "name": "韓式麵", "description": "無", "price": "35.00"}}, {"model": "MenuItem.extraoption", "pk": 3, "fields": {"vendor": 1, "name": "雞蛋", "description": "無", "price": "15.00"}}, {"model": "MenuItem.extraoption", "pk": 4, "fields": {"vendor": 1, "name": "青菜", "description": "無", "price": "20.00"}}, {"model": "MenuItem.extraoption", "pk": 5, "fields": {"vendor": 1, "name": "熱狗", "description": "無", "price": "10.00"}}, {"model": "MenuItem.extraoption", "pk": 6, "fields": {"vendor": 1, "name": "珍珠", "description": "無", "price": "10.00"}}, {"model": "MenuItem.extraoption", "pk": 7, "fields": {"vendor": 1, "name": "椰果", "description": "無", "price": "10.00"}}, {"model": "MenuItem.extraoption", "pk": 8, "fields": {"vendor": 1, "name": "綠豆", "description": "無", "price": "10.00"}}, {"model": "MenuItem.extraoption", "pk": 9, "fields": {"vendor": 1, "name": "布丁", "description": "無", "price": "15.00"}}, {"model": "MenuItem.extraoption", "pk": 10, "fields": {"vendor": 1, "name": "蜂蜜", "description": "無", "price": "15.00"}}, {"model": "MenuItem.extraoption", "pk": 11, "fields": {"vendor": 1, "name": "一瓶鮮奶", "description": "無", "price": "20.00"}}, {"model": "MenuItem.extraoption", "pk": 12, "fields": {"vendor": 1, "name": "一瓶多多", "description": "無", "price": "10.00"}}, {"model": "MenuItem.extraoption", "pk": 23, "fields": {"vendor": 1, "name": "無", "description": "無", "price": "0.00"}}, {"model": "MenuItem.extraoption", "pk": 26, "fields": {"vendor": 2, "name": "雞蛋", "description": "無", "price": "15.00"}}, {"model": "MenuItem.extraoption", "pk": 27, "fields": {"vendor": 2, "name": "起司", "description": "無", "price": "10.00"}}, {"model": "MenuItem.extraoption", "pk": 28, "fields": {"vendor": 2, "name": "加麵", "description": "無", "price": "15.00"}}, {"model": "MenuItem.extraoption", "pk": 29, "fields": {"vendor": 2, "name": "切邊", "description": "吐司切邊", "price": "0.00"}}, {"model": "MenuItem.extraoption", "pk": 30, "fields": {"vendor": 2, "name": "不要小黃瓜", "description": "無", "price": "0.00"}}, {"model": "MenuItem.extraoption", "pk": 31, "fields": {"vendor": 2, "name": "不要玉米", "description": "無", "price": "0.00"}}, {"model": "MenuItem.extraoption", "pk": 32, "fields": {"vendor": 2, "name": "不要千島醬", "description": "無", "price": "0.00"}}, {"model": "MenuItem.extraoption", "pk": 33, "fields": {"vendor": 2, "name": "不要沙拉醬", "description": "無", "price": "0.00"}}, {"model": "MenuItem.extraoption", "pk": 34, "fields": {"vendor": 2, "name": "不要胡椒", "description": "無", "price": "0.00"}}, {"model": "MenuItem.extraoption", "pk": 35, "fields": {"vendor": 2, "name": "做全素", "description": "無", "price": "0.00"}}, {"model": "MenuItem.extraoption", "pk": 36, "fields": {"vendor": 2, "name": "做蛋奶素", "description": "無", "price": "0.00"}}, {"model": "MenuItem.extraoption", "pk": 37, "fields": {"vendor": 2, "name": "無", "description": "無", "price": "0.00"}}, {"model": "MenuItem.extraoption", "pk": 38, "fields": {"vendor": 2, "name": "梅粉", "description": "無", "price": "0.00"}}, {"model": "MenuItem.extraoption", "pk": 39, "fields": {"vendor": 2, "name": "胡椒鹽", "description": "無", "price": "0.00"}}, {"model": "MenuItem.menuitem", "pk": 1, "fields": {"vendor": 1, "title": "茉香綠茶", "price": "30.00", "unit": "杯", "hot": false, "menu_img_url": "menu_images/鮮泡茶飲.jpeg", "desc": "", "promotions": null, "daily_max_orders": 100, "remaining_quantity": 20, "created_at": "2023-11-16T09:46:52.453", "category": [6], "extra_option": [6, 7, 8, 9, 10, 11, 12], "required_option": [1, 2, 3, 4, 5, 6, 7, 8, 9, 10]}}, {"model": "MenuItem.menuitem", "pk": 2, "fields": {"vendor": 1, "title": "台灣青茶", "price": "30.00", "unit": "杯", "hot": false, "menu_img_url": "menu_images/鮮泡茶飲_CertnnH.jpeg", "desc": "", "promotions": null, "daily_max_orders": 100, "remaining_quantity": 20, "created_at": "2023-11-16T10:36:05.309", "category": [6], "extra_option": [6, 7, 8, 9, 10, 11, 12], "required_option": [1, 2, 3, 4, 5, 6, 7, 8, 9, 10]}}, {"model": "MenuItem.menuitem", "pk": 3, "fields": {"vendor": 1, "title": "金萱烏龍茶", "price": "35.00", "unit": "杯", "hot": false, "menu_img_url": "menu_images/鮮泡茶飲_2jFJFjW.jpeg", "desc": "", "promotions": null, "daily_max_orders": 100, "remaining_quantity": 20, "created_at": "2023-11-16T10:37:27.754", "category": [6], "extra_option": [6, 7, 8, 9, 10, 11, 12], "required_option": [1, 2, 3, 4, 5, 6, 7, 8, 9, 10]}}, {"model": "MenuItem.menuitem", "pk": 4, "fields": {"vendor": 1, "title": "高山烏龍茶", "price": "30.00", "unit": "杯", "hot": false, "menu_img_url": "menu_images/鮮泡茶飲_JJ2K6TN.jpeg", "desc": "", "promotions": null, "daily_max_orders": 100, "remaining_quantity": 20, "created_at": "2023-11-16T10:39:30.487", "category": [6], "extra_option": [6, 7, 8, 9, 10, 11, 12], "required_option": [1, 2, 3, 4, 5, 6, 7, 8, 9, 10]}}, {"model": "MenuItem.menuitem", "pk": 5, "fields": {"vendor": 1, "title": "四季春茶", "price": "30.00", "unit": "杯", "hot": false, "menu_img_url": "menu_images/鮮泡茶飲_bnCbmwV.jpeg", "desc": "", "promotions": null, "daily_max_orders": 100, "remaining_quantity": 20, "created_at": "2023-11-16T10:40:14.241", "category": [6], "extra_option": [6, 7, 8, 9, 10, 11, 12], "required_option": [1, 2, 3, 4, 5, 6, 7, 8, 9, 10]}}, {"model": "MenuItem.menuitem", "pk": 6, "fields": {"vendor": 1, "title": "古早味紅茶", "price": "20.00", "unit": "杯", "hot": false, "menu_img_url": "menu_images/鮮泡茶飲_aVRXALZ.jpeg", "desc": "", "promotions": null, "daily_max_orders": 100, "remaining_quantity": 20, "created_at": "2023-11-16T10:41:16.188", "category": [6], "extra_option": [6, 7, 8, 9, 10, 11, 12], "required_option": [1, 2, 3, 4, 5, 6, 7, 8, 9, 10]}}, {"model": "MenuItem.menuitem", "pk": 7, "fields": {"vendor": 1, "title": "頂級錫蘭紅茶", "price": "30.00", "unit": "杯", "hot": false, "menu_img_url": "menu_images/鮮泡茶飲_5vWgK7P.jpeg", "desc": "", "promotions": null, "daily_max_orders": 100, "remaining_quantity": 20, "created_at": "2023-11-16T10:42:18.833", "category": [6], "extra_option": [6, 7, 8, 9, 10, 11, 12], "required_option": [1, 2, 3, 4, 5, 6, 7, 8, 9, 10]}}, {"model": "MenuItem.menuitem", "pk": 8, "fields": {"vendor": 1, "title": "貴妃紅茶", "price": "35.00", "unit": "杯", "hot": false, "menu_img_url": "menu_images/鮮泡茶飲_XDnKqdO.jpeg", "desc": "", "promotions": null, "daily_max_orders": 100, "remaining_quantity": 20, "created_at": "2023-11-16T10:43:08.741", "category": [6], "extra_option": [6, 7, 8, 9, 10, 11, 12], "required_option": [1, 2, 3, 4, 5, 6, 7, 8, 9, 10]}}, {"model": "MenuItem.menuitem", "pk": 9, "fields": {"vendor": 1, "title": "梅子綠", "price": "30.00", "unit": "杯", "hot": false, "menu_img_url": "menu_images/鮮泡茶飲_Z9Cnec4.jpeg", "desc": "", "promotions": null, "daily_max_orders": 100, "remaining_quantity": 20, "created_at": "2023-11-16T10:43:54.434", "category": [6], "extra_option": [6, 7, 8, 9, 10, 11, 12], "required_option": [1, 2, 3, 4, 5, 6, 7, 8, 9, 10]}}, {"model": "MenuItem.menuitem", "pk": 10, "fields": {"vendor": 1, "title": "桂香烏龍", "price": "40.00", "unit": "杯", "hot": false, "menu_img_url": "menu_images/鮮泡茶飲_cEolpSE.jpeg", "desc": "", "promotions": null, "daily_max_orders": 100, "remaining_quantity": 20, "created_at": "2023-11-16T10:44:50.232", "category": [6], "extra_option": [6, 7, 8, 9, 10, 11, 12], "required_option": [1, 2, 3, 4, 5, 6, 7, 8, 9, 10]}}, {"model": "MenuItem.menuitem", "pk": 11, "fields": {"vendor": 1, "title": "多多綠", "price": "40.00", "unit": "杯", "hot": false, "menu_img_url": "menu_images/鮮泡茶飲_H8QdXYY.jpeg", "desc": "", "promotions": null, "daily_max_orders": 100, "remaining_quantity": 20, "created_at": "2023-11-16T10:45:29.578", "category": [6], "extra_option": [6, 7, 8, 9, 10, 11, 12], "required_option": [1, 2, 3, 4, 5, 6, 7, 8, 9, 10]}}, {"model": "MenuItem.menuitem", "pk": 12, "fields": {"vendor": 1, "title": "咖啡拿鐵", "price": "65.00", "unit": "杯", "hot": false, "menu_img_url": "menu_images/鮮奶茶飲.jpeg", "desc": "使用牛奶", "promotions": null, "daily_max_orders": 100, "remaining_quantity": 20, "created_at": "2023-11-16T10:49:27.999", "category": [7], "extra_option": [6, 7, 8, 9, 10, 11, 12], "required_option": [1, 2, 3, 4, 5, 6, 7, 8, 9, 10]}}, {"model": "MenuItem.menuitem", "pk": 13, "fields": {"vendor": 1, "title": "冬瓜鮮奶", "price": "50.00", "unit": "杯", "hot": false, "menu_img_url": "menu_images/鮮奶茶飲_6Asosqw.jpeg", "desc": "固定甜度", "promotions": null, "daily_max_orders": 100, "remaining_quantity": 20, "created_at": "2023-11-16T10:51:35.938", "category": [7], "extra_option": [6, 7, 8, 9, 10, 11, 12], "required_option": [6, 7, 8, 9, 10]}}, {"model": "MenuItem.menuitem", "pk": 14, "fields": {"vendor": 1, "title": "鮮奶綠", "price": "50.00", "unit": "杯", "hot": false, "menu_img_url": "menu_images/鮮奶茶飲_VdHJqTG.jpeg", "desc": "", "promotions": null, "daily_max_orders": 100, "remaining_quantity": 20, "created_at": "2023-11-16T10:53:08.511", "category": [7], "extra_option": [6, 7, 8, 9, 10, 11, 12], "required_option": [1, 2, 3, 4, 5, 6, 7, 8, 9, 10]}}, {"model": "MenuItem.menuitem", "pk": 15, "fields": {"vendor": 1, "title": "鮮奶茶", "price": "50.00", "unit": "杯", "hot": false, "menu_img_url": "menu_images/鮮奶茶飲_b0enapO.jpeg", "desc": "", "promotions": null, "daily_max_orders": 100, "remaining_quantity": 20, "created_at": "2023-11-16T10:53:48.443", "category": [7], "extra_option": [6, 7, 8, 9, 10, 11, 12], "required_option": [1, 2, 3, 4, 5, 6, 7, 8, 9, 10]}}, {"model": "MenuItem.menuitem", "pk": 16, "fields": {"vendor": 1, "title": "黑糖蜜鮮奶凍飲", "price": "50.00", "unit": "杯", "hot": false, "menu_img_url": "menu_images/鮮奶茶飲_JPrAZMK.jpeg", "desc": "固定甜度", "promotions": null, "daily_max_orders": 100, "remaining_quantity": 20, "created_at": "2023-11-16T10:55:11.274", "category": [7], "extra_option": [6, 7, 8, 9, 10, 11, 12], "required_option": [6, 7, 8, 9, 10]}}, {"model": "MenuItem.menuitem", "pk": 17, "fields": {"vendor": 1, "title": "老冬瓜檸檬", "price": "35.00", "unit": "杯", "hot": false, "menu_img_url": "menu_images/鮮果茶飲.jpeg", "desc": "固定甜度", "promotions": null, "daily_max_orders": 100, "remaining_quantity": 20, "created_at": "2023-11-16T10:57:19.688", "category": [8], "extra_option": [6, 7, 8, 9, 10, 11, 12], "required_option": [6, 7, 8, 9, 10]}}, {"model": "MenuItem.menuitem", "pk": 18, "fields": {"vendor": 1, "title": "老冬瓜青", "price": "35.00", "unit": "杯", "hot": false, "menu_img_url": "menu_images/鮮果茶飲_dQT2jlo.jpeg", "desc": "固定甜度", "promotions": null, "daily_max_orders": 100, "remaining_quantity": 20, "created_at": "2023-11-16T10:58:21.914", "category": [8], "extra_option": [6, 7, 8, 9, 10, 11, 12], "required_option": [6, 7, 8, 9, 10]}}, {"model": "MenuItem.menuitem", "pk": 19, "fields": {"vendor": 1, "title": "冬瓜茶", "price": "30.00", "unit": "杯", "hot": false, "menu_img_url": "menu_images/鮮果茶飲_SBPCVpt.jpeg", "desc": "固定甜度", "promotions": null, "daily_max_orders": 100, "remaining_quantity": 20, "created_at": "2023-11-16T10:59:16.016", "category": [8], "extra_option": [6, 7, 8, 9, 10, 11, 12], "required_option": [6, 7, 8, 9, 10]}}, {"model": "MenuItem.menuitem", "pk": 20, "fields": {"vendor": 1, "title": "翡翠檸檬", "price": "50.00", "unit": "杯", "hot": false, "menu_img_url": "menu_images/鮮果茶飲_OZku1JS.jpeg", "desc": "", "promotions": null, "daily_max_orders": 100, "remaining_quantity": 20, "created_at": "2023-11-16T11:00:16.037", "category": [8], "extra_option": [6, 7, 8, 9, 10, 11, 12], "required_option": [1, 2, 3, 4, 5, 6, 7, 8, 9, 10]}}, {"model": "MenuItem.menuitem", "pk": 21, "fields": {"vendor": 1, "title": "百香綠茶", "price": "40.00", "unit": "杯", "hot": false, "menu_img_url": "menu_images/鮮果茶飲_ZegnsQZ.jpeg", "desc": "", "promotions": null, "daily_max_orders": 100, "remaining_quantity": 20, "created_at": "2023-11-16T11:01:02.028", "category": [8], "extra_option": [6, 7, 8, 9, 10, 11, 12], "required_option": [1, 2, 3, 4, 5, 6, 7, 8, 9, 10]}}, {"model": "MenuItem.menuitem", "pk": 22, "fields": {"vendor": 1, "title": "百香檸檬綠茶", "price": "40.00", "unit": "杯", "hot": false, "menu_img_url": "menu_images/鮮果茶飲_QanWDy4.jpeg", "desc": "", "promotions": null, "daily_max_orders": 100, "remaining_quantity": 20, "created_at": "2023-11-16T11:02:00.799", "category": [8], "extra_option": [6, 7, 8, 9, 10, 11, 12], "required_option": [1, 2, 3, 4, 5, 6, 7, 8, 9, 10]}}, {"model": "MenuItem.menuitem", "pk": 23, "fields": {"vendor": 1, "title": "百香青茶", "price": "40.00", "unit": "杯", "hot": false, "menu_img_url": "menu_images/鮮果茶飲_NgToWb1.jpeg", "desc": "", "promotions": null, "daily_max_orders": 100, "remaining_quantity": 20, "created_at": "2023-11-16T11:02:38.901", "category": [8], "extra_option": [6, 7, 8, 9, 10, 11, 12], "required_option": [1, 2, 3, 4, 5, 6, 7, 8, 9, 10]}}, {"model": "MenuItem.menuitem", "pk": 24, "fields": {"vendor": 1, "title": "百香紅茶", "price": "40.00", "unit": "杯", "hot": false, "menu_img_url": "menu_images/鮮果茶飲_C9QfqTG.jpeg", "desc": "", "promotions": null, "daily_max_orders": 100, "remaining_quantity": 20, "created_at": "2023-11-16T11:03:15.732", "category": [8], "extra_option": [6, 7, 8, 9, 10, 11, 12], "required_option": [1, 2, 3, 4, 5, 6, 7, 8, 9, 10]}}, {"model": "MenuItem.menuitem", "pk": 26, "fields": {"vendor": 1, "title": "金桔檸檬梅", "price": "40.00", "unit": "杯", "hot": false, "menu_img_url": "menu_images/鮮果茶飲_pARSfNh.jpeg", "desc": "", "promotions": null, "daily_max_orders": 100, "remaining_quantity": 20, "created_at": "2023-11-16T11:12:17.782", "category": [8], "extra_option": [6, 7, 8, 9, 10, 11, 12], "required_option": [1, 2, 3, 4, 5, 6, 7, 8, 9, 10]}}, {"model": "MenuItem.menuitem", "pk": 27, "fields": {"vendor": 1, "title": "蜂蜜檸檬", "price": "40.00", "unit": "杯", "hot": false, "menu_img_url": "menu_images/鮮果茶飲_Uw0uJ62.jpeg", "desc": "", "promotions": null, "daily_max_orders": 100, "remaining_quantity": 20, "created_at": "2023-11-16T11:15:04.634", "category": [8], "extra_option": [6, 7, 8, 9, 10, 11, 12], "required_option": [1, 2, 3, 4, 5, 6, 7, 8, 9, 10]}}, {"model": "MenuItem.menuitem", "pk": 28, "fields": {"vendor": 1, "title": "檸檬多多綠茶", "price": "45.00", "unit": "杯", "hot": false, "menu_img_url": "menu_images/鮮果茶飲_Nuf6L4u.jpeg", "desc": "", "promotions": null, "daily_max_orders": 100, "remaining_quantity": 20, "created_at": "2023-11-16T11:16:05.149", "category": [8], "extra_option": [6, 7, 8, 9, 10, 11, 12], "required_option": [1, 2, 3, 4, 5, 6, 7, 8, 9, 10]}}, {"model": "MenuItem.menuitem", "pk": 29, "fields": {"vendor": 1, "title": "檸檬多多", "price": "40.00", "unit": "杯", "hot": false, "menu_img_url": "menu_images/鮮果茶飲_VBXQ65E.jpeg", "desc": "", "promotions": null, "daily_max_orders": 100, "remaining_quantity": 20, "created_at": "2023-11-16T11:16:47.383", "category": [8], "extra_option": [6, 7, 8, 9, 10, 11, 12], "required_option": [1, 2, 3, 4, 5, 6, 7, 8, 9, 10]}}, {"model": "MenuItem.menuitem", "pk": 30, "fields": {"vendor": 1, "title": "酪梨布丁牛奶", "price": "65.00", "unit": "杯", "hot": false, "menu_img_url": "menu_images/果汁鮮奶.jpeg", "desc": "", "promotions": null, "daily_max_orders": 100, "remaining_quantity": 20, "created_at": "2023-11-16T11:19:05.429", "category": [9], "extra_option": [6, 7, 8, 9, 10, 11, 12], "required_option": [1, 2, 3, 4, 5, 6, 7, 8, 9, 10]}}, {"model": "MenuItem.menuitem", "pk": 31, "fields": {"vendor": 1, "title": "酪梨牛奶", "price": "50.00", "unit": "杯", "hot": false, "menu_img_url": "menu_images/果汁鮮奶_v9BVOXx.jpeg", "desc": "", "promotions": null, "daily_max_orders": 100, "remaining_quantity": 20, "created_at": "2023-11-16T11:19:54.864", "category": [9], "extra_option": [6, 7, 8, 9, 10, 11, 12], "required_option": [1, 2, 3, 4, 5, 6, 7, 8, 9, 10]}}, {"model": "MenuItem.menuitem", "pk": 32, "fields": {"vendor": 1, "title": "綠豆沙牛奶", "price": "50.00", "unit": "杯", "hot": false, "menu_img_url": "menu_images/果汁鮮奶_wyAChx1.jpeg", "desc": "固定甜度", "promotions": null, "daily_max_orders": 100, "remaining_quantity": 20, "created_at": "2023-11-16T11:20:53.631", "category": [9], "extra_option": [6, 7, 8, 9, 10, 11, 12], "required_option": [6, 7, 8, 9, 10]}}, {"model": "MenuItem.menuitem", "pk": 33, "fields": {"vendor": 1, "title": "芒果牛奶", "price": "60.00", "unit": "杯", "hot": false, "menu_img_url": "menu_images/果汁鮮奶_1B2PHOu.jpeg", "desc": "", "promotions": null, "daily_max_orders": 100, "remaining_quantity": 20, "created_at": "2023-11-16T11:23:00.151", "category": [9], "extra_option": [6, 7, 8, 9, 10, 11, 12], "required_option": [1, 2, 3, 4, 5, 6, 7, 8, 9, 10]}}, {"model": "MenuItem.menuitem", "pk": 34, "fields": {"vendor": 1, "title": "木瓜牛奶", "price": "60.00", "unit": "杯", "hot": false, "menu_img_url": "menu_images/果汁鮮奶_R7AIqBO.jpeg", "desc": "", "promotions": null, "daily_max_orders": 100, "remaining_quantity": 20, "created_at": "2023-11-16T11:23:49.424", "category": [9], "extra_option": [6, 7, 8, 9, 10, 11, 12], "required_option": [1, 2, 3, 4, 5, 6, 7, 8, 9, 10]}}, {"model": "MenuItem.menuitem", "pk": 35, "fields": {"vendor": 1, "title": "珍珠奶茶", "price": "40.00", "unit": "杯", "hot": false, "menu_img_url": "menu_images/奶茶茶飲.jpeg", "desc": "", "promotions": null, "daily_max_orders": 40, "remaining_quantity": 20, "created_at": "2023-11-16T12:22:16.234", "category": [10], "extra_option": [6, 7, 8, 9, 10, 11, 12], "required_option": [1, 2, 3, 4, 5, 6, 7, 8, 9, 10]}}, {"model": "MenuItem.menuitem", "pk": 36, "fields": {"vendor": 1, "title": "咖啡奶茶", "price": "50.00", "unit": "杯", "hot": false, "menu_img_url": "menu_images/奶茶茶飲_SWl39ER.jpeg", "desc": "使用奶精", "promotions": null, "daily_max_orders": 100, "remaining_quantity": 20, "created_at": "2023-11-16T12:23:43.661", "category": [10], "extra_option": [6, 7, 8, 9, 10, 11, 12], "required_option": [1, 2, 3, 4, 5, 6, 7, 8, 9, 10]}}, {"model": "MenuItem.menuitem", "pk": 37, "fields": {"vendor": 1, "title": "皇家奶綠", "price": "40.00", "unit": "杯", "hot": false, "menu_img_url": "menu_images/奶茶茶飲_fStKdcQ.jpeg", "desc": "", "promotions": null, "daily_max_orders": 100, "remaining_quantity": 20, "created_at": "2023-11-16T12:24:37.806", "category": [10], "extra_option": [6, 7, 8, 9, 10, 11, 12], "required_option": [1, 2, 3, 4, 5, 6, 7, 8, 9, 10]}}, {"model": "MenuItem.menuitem", "pk": 38, "fields": {"vendor": 1, "title": "極品奶茶", "price": "35.00", "unit": "杯", "hot": false, "menu_img_url": "menu_images/奶茶茶飲_LYlkXQP.jpeg", "desc": "使用紅茶", "promotions": null, "daily_max_orders": 100, "remaining_quantity": 20, "created_at": "2023-11-16T12:26:22.439", "category": [10], "extra_option": [6, 7, 8, 9, 10, 11, 12], "required_option": [1, 2, 3, 4, 5, 6, 7, 8, 9, 10]}}, {"model": "MenuItem.menuitem", "pk": 39, "fields": {"vendor": 1, "title": "珍珠奶綠", "price": "45.00", "unit": "杯", "hot": false, "menu_img_url": "menu_images/奶茶茶飲_srZIegc.jpeg", "desc": "", "promotions": null, "daily_max_orders": 100, "remaining_quantity": 20, "created_at": "2023-11-16T12:27:22.228", "category": [10], "extra_option": [6, 7, 8, 9, 10, 11, 12], "required_option": [1, 2, 3, 4, 5, 6, 7, 8, 9, 10]}}, {"model": "MenuItem.menuitem", "pk": 40, "fields": {"vendor": 1, "title": "布丁奶茶", "price": "50.00", "unit": "杯", "hot": false, "menu_img_url": "menu_images/奶茶茶飲_NHoSKWw.jpeg", "desc": "", "promotions": null, "daily_max_orders": 100, "remaining_quantity": 20, "created_at": "2023-11-16T12:28:06.609", "category": [10], "extra_option": [6, 7, 8, 9, 10, 11, 12], "required_option": [1, 2, 3, 4, 5, 6, 7, 8, 9, 10]}}, {"model": "MenuItem.menuitem", "pk": 41, "fields": {"vendor": 1, "title": "椰果奶茶", "price": "45.00", "unit": "杯", "hot": false, "menu_img_url": "menu_images/奶茶茶飲_Gx3D4gi.jpeg", "desc": "", "promotions": null, "daily_max_orders": 100, "remaining_quantity": 20, "created_at": "2023-11-16T13:21:51.664", "category": [10], "extra_option": [6, 7, 8, 9, 10, 11, 12], "required_option": [1, 2, 3, 4, 5, 6, 7, 8, 9, 10]}}, {"model": "MenuItem.menuitem", "pk": 42, "fields": {"vendor": 1, "title": "美式咖啡杯", "price": "50.00", "unit": "杯", "hot": false, "menu_img_url": "menu_images/奶茶茶飲_874hGDx.jpeg", "desc": "中杯", "promotions": null, "daily_max_orders": 100, "remaining_quantity": 20, "created_at": "2023-11-16T13:23:13.520", "category": [10], "extra_option": [6, 7, 8, 9, 10, 11, 12], "required_option": [1, 2, 3, 4, 5, 6, 7, 8, 9, 10]}}, {"model": "MenuItem.menuitem", "pk": 43, "fields": {"vendor": 1, "title": "香醇美碌", "price": "50.00", "unit": "杯", "hot": false, "menu_img_url": "menu_images/奶茶茶飲_lLzFnbM.jpeg", "desc": "固定甜度", "promotions": null, "daily_max_orders": 100, "remaining_quantity": 20, "created_at": "2023-11-16T13:24:24.950", "category": [10], "extra_option": [6, 7, 8, 9, 10, 11, 12], "required_option": [6, 7, 8, 9, 10]}}, {"model": "MenuItem.menuitem", "pk": 44, "fields": {"vendor": 1, "title": "阿華田", "price": "50.00", "unit": "杯", "hot": false, "menu_img_url": "menu_images/奶茶茶飲_t4mIarB.jpeg", "desc": "固定甜度", "promotions": null, "daily_max_orders": 100, "remaining_quantity": 20, "created_at": "2023-11-16T13:25:11.566", "category": [10], "extra_option": [6, 7, 8, 9, 10, 11, 12], "required_option": [6, 7, 8, 9, 10]}}, {"model": "MenuItem.menuitem", "pk": 45, "fields": {"vendor": 1, "title": "檸檬汁", "price": "35.00", "unit": "杯", "hot": false, "menu_img_url": "menu_images/現榨果汁.jpeg", "desc": "", "promotions": null, "daily_max_orders": 100, "remaining_quantity": 20, "created_at": "2023-11-16T13:30:16.117", "category": [11], "extra_option": [6, 7, 8, 9, 10, 11, 12], "required_option": [1, 2, 3, 4, 5, 6, 7, 8, 9, 10]}}, {"model": "MenuItem.menuitem", "pk": 46, "fields": {"vendor": 1, "title": "百香果汁", "price": "45.00", "unit": "杯", "hot": false, "menu_img_url": "menu_images/現榨果汁_UuDXXQC.jpeg", "desc": "", "promotions": null, "daily_max_orders": 100, "remaining_quantity": 20, "created_at": "2023-11-16T13:31:16.257", "category": [11], "extra_option": [6, 7, 8, 9, 10, 11, 12], "required_option": [1, 2, 3, 4, 5, 6, 7, 8, 9, 10]}}, {"model": "MenuItem.menuitem", "pk": 47, "fields": {"vendor": 1, "title": "愛文芒果汁", "price": "50.00", "unit": "杯", "hot": false, "menu_img_url": "menu_images/現榨果汁_nGCS6Xl.jpeg", "desc": "", "promotions": null, "daily_max_orders": 100, "remaining_quantity": 20, "created_at": "2023-11-16T13:31:49.485", "category": [11], "extra_option": [6, 7, 8, 9, 10, 11, 12], "required_option": [1, 2, 3, 4, 5, 6, 7, 8, 9, 10]}}, {"model": "MenuItem.menuitem", "pk": 48, "fields": {"vendor": 1, "title": "綠豆冰沙", "price": "35.00", "unit": "杯", "hot": false, "menu_img_url": "menu_images/冰沙.jpeg", "desc": "固定甜度", "promotions": null, "daily_max_orders": 100, "remaining_quantity": 20, "created_at": "2023-11-16T13:33:15.371", "category": [12], "extra_option": [6, 7, 8, 9, 10, 11, 12], "required_option": [9, 10]}}, {"model": "MenuItem.menuitem", "pk": 49, "fields": {"vendor": 1, "title": "百香果冰沙", "price": "40.00", "unit": "杯", "hot": false, "menu_img_url": "menu_images/冰沙_94AM792.jpeg", "desc": "", "promotions": null, "daily_max_orders": 100, "remaining_quantity": 20, "created_at": "2023-11-16T13:34:10.112", "category": [12], "extra_option": [6, 7, 8, 9, 10, 11, 12], "required_option": [1, 2, 3, 4, 5, 9, 10]}}, {"model": "MenuItem.menuitem", "pk": 50, "fields": {"vendor": 1, "title": "檸檬冰沙", "price": "35.00", "unit": "杯", "hot": false, "menu_img_url": "menu_images/冰沙_tJAoEpO.jpeg", "desc": "", "promotions": null, "daily_max_orders": 100, "remaining_quantity": 20, "created_at": "2023-11-16T13:35:02.144", "category": [12], "extra_option": [6, 7, 8, 9, 10, 11, 12], "required_option": [1, 2, 3, 4, 5, 9, 10]}}, {"model": "MenuItem.menuitem", "pk": 51, "fields": {"vendor": 1, "title": "多多冰沙", "price": "40.00", "unit": "杯", "hot": false, "menu_img_url": "menu_images/冰沙_lF85Hc5.jpeg", "desc": "固定甜度", "promotions": null, "daily_max_orders": 100, "remaining_quantity": 20, "created_at": "2023-11-16T13:35:55.344", "category": [12], "extra_option": [6, 7, 8, 9, 10, 11, 12], "required_option": [9, 10]}}, {"model": "MenuItem.menuitem", "pk": 52, "fields": {"vendor": 1, "title": "可可冰沙", "price": "50.00", "unit": "杯", "hot": false, "menu_img_url": "menu_images/冰沙_h88n4Wm.jpeg", "desc": "固定甜度", "promotions": null, "daily_max_orders": 100, "remaining_quantity": 20, "created_at": "2023-11-16T13:37:31.929", "category": [12], "extra_option": [6, 7, 8, 9, 10, 11, 12], "required_option": [9, 10]}}, {"model": "MenuItem.menuitem", "pk": 53, "fields": {"vendor": 1, "title": "綠豆牛奶冰沙", "price": "50.00", "unit": "杯", "hot": false, "menu_img_url": "menu_images/冰沙_F6jmmsV.jpeg", "desc": "固定甜度", "promotions": null, "daily_max_orders": 100, "remaining_quantity": 20, "created_at": "2023-11-16T13:40:25.963", "category": [12], "extra_option": [6, 7, 8, 9, 10, 11, 12], "required_option": [9, 10]}}, {"model": "MenuItem.menuitem", "pk": 54, "fields": {"vendor": 1, "title": "芒果冰沙", "price": "50.00", "unit": "杯", "hot": false, "menu_img_url": "menu_images/冰沙_z8hiDyT.jpeg", "desc": "", "promotions": null, "daily_max_orders": 100, "remaining_quantity": 20, "created_at": "2023-11-16T13:42:49.822", "category": [12], "extra_option": [6, 7, 8, 9, 10, 11, 12], "required_option": [9, 10]}}, {"model": "MenuItem.menuitem", "pk": 55, "fields": {"vendor": 1, "title": "手工水餃", "price": "40.00", "unit": "份", "hot": false, "menu_img_url": "menu_images/水餃.jpeg", "desc": "12顆", "promotions": null, "daily_max_orders": 100, "remaining_quantity": 20, "created_at": "2023-11-16T13:45:39.366", "category": [13], "extra_option": [23], "required_option": [11]}}, {"model": "MenuItem.menuitem", "pk": 56, "fields": {"vendor": 1, "title": "不倒翁海鮮烏龍麵", "price": "70.00", "unit": "份", "hot": false, "menu_img_url": "menu_images/泡麵.jpeg", "desc": "", "promotions": null, "daily_max_orders": 100, "remaining_quantity": 20, "created_at": "2023-11-16T13:46:42.799", "category": [14], "extra_option": [1, 2, 3, 4, 5], "required_option": [11]}}, {"model": "MenuItem.menuitem", "pk": 57, "fields": {"vendor": 1, "title": "不倒翁起司泡麵", "price": "70.00", "unit": "份", "hot": false, "menu_img_url": "menu_images/泡麵_sYpLNvf.jpeg", "desc": "", "promotions": null, "daily_max_orders": 100, "remaining_quantity": 20, "created_at": "2023-11-16T13:47:19.226", "category": [14], "extra_option": [1, 2, 3, 4, 5], "required_option": [11]}}, {"model": "MenuItem.menuitem", "pk": 58, "fields": {"vendor": 1, "title": "海鮮烏龍麵", "price": "70.00", "unit": "份", "hot": false, "menu_img_url": "menu_images/泡麵_xcVa3pc.jpeg", "desc": "", "promotions": null, "daily_max_orders": 100, "remaining_quantity": 20, "created_at": "2023-11-16T13:48:08.698", "category": [14], "extra_option": [1, 2, 3, 4, 5], "required_option": [11]}}, {"model": "MenuItem.menuitem", "pk": 59, "fields": {"vendor": 1, "title": "辛拉麵", "price": "70.00", "unit": "份", "hot": false, "menu_img_url": "menu_images/泡麵_bxM9NRu.jpeg", "desc": "", "promotions": null, "daily_max_orders": 100, "remaining_quantity": 20, "created_at": "2023-11-16T13:48:52.207", "category": [14], "extra_option": [1, 2, 3, 4, 5], "required_option": [11]}}, {"model": "MenuItem.menuitem", "pk": 60, "fields": {"vendor": 1, "title": "泡菜拉麵", "price": "70.00", "unit": "份", "hot": false, "menu_img_url": "menu_images/泡麵_1dV0r6l.jpeg", "desc": "", "promotions": null, "daily_max_orders": 100, "remaining_quantity": 20, "created_at": "2023-11-16T13:49:44.957", "category": [14], "extra_option": [1, 2, 3, 4, 5], "required_option": [11]}}, {"model": "MenuItem.menuitem", "pk": 61, "fields": {"vendor": 1, "title": "芝麻拉麵", "price": "70.00", "unit": "份", "hot": false, "menu_img_url": "menu_images/泡麵_KiqtLFk.jpeg", "desc": "", "promotions": null, "daily_max_orders": 100, "remaining_quantity": 20, "created_at": "2023-11-16T13:50:23.015", "category": [14], "extra_option": [1, 2, 3, 4, 5], "required_option": [11]}}, {"model": "MenuItem.menuitem", "pk": 62, "fields": {"vendor": 1, "title": "肉骨茶麵", "price": "50.00", "unit": "份", "hot": false, "menu_img_url": "menu_images/泡麵_Rp9m1wb.jpeg", "desc": "", "promotions": null, "daily_max_orders": 100, "remaining_quantity": 20, "created_at": "2023-11-16T13:50:57.183", "category": [14], "extra_option": [1, 2, 3, 4, 5], "required_option": [11]}}, {"model": "MenuItem.menuitem", "pk": 63, "fields": {"vendor": 1, "title": "蔥燒牛肉麵", "price": "50.00", "unit": "份", "hot": false, "menu_img_url": "menu_images/泡麵_vL8FEOT.jpeg", "desc": "", "promotions": null, "daily_max_orders": 100, "remaining_quantity": 20, "created_at": "2023-11-16T13:51:32.961", "category": [14], "extra_option": [1, 2, 3, 4, 5], "required_option": [11]}}, {"model": "MenuItem.menuitem", "pk": 64, "fields": {"vendor": 1, "title": "統一肉燥麵", "price": "50.00", "unit": "份", "hot": false, "menu_img_url": "menu_images/泡麵_W6mgkjD.jpeg", "desc": "", "promotions": null, "daily_max_orders": 100, "remaining_quantity": 20, "created_at": "2023-11-16T13:52:18.278", "category": [14], "extra_option": [1, 2, 3, 4, 5], "required_option": [11]}}, {"model": "MenuItem.menuitem", "pk": 65, "fields": {"vendor": 2, "title": "蛋吐司", "price": "35.00", "unit": "份", "hot": false, "menu_img_url": "menu_images/IMG_3245.JPG", "desc": "可做全素或蛋奶素", "promotions": null, "daily_max_orders": 100, "remaining_quantity": 20, "created_at": "2023-11-17T10:35:24.994", "category": [15], "extra_option": [26, 27, 29, 30, 31, 32, 33, 34, 35, 36], "required_option": [14]}}, {"model": "MenuItem.menuitem", "pk": 66, "fields": {"vendor": 2, "title": "肉鬆吐司", "price": "25.00", "unit": "份", "hot": false, "menu_img_url": "menu_images/IMG_3245_Mrv4aZn.JPG", "desc": "可做全素或蛋奶素", "promotions": null, "daily_max_orders": 100, "remaining_quantity": 20, "created_at": "2023-11-17T10:45:07.058", "category": [15], "extra_option": [26, 27, 29, 30, 31, 32, 33, 34, 35, 36], "required_option": [14]}}, {"model": "MenuItem.menuitem", "pk": 67, "fields": {"vendor": 2, "title": "熱狗吐司", "price": "30.00", "unit": "份", "hot": false, "menu_img_url": "menu_images/IMG_3245_eTlJl7t.JPG", "desc": "", "promotions": null, "daily_max_orders": 100, "remaining_quantity": 20, "created_at": "2023-11-17T10:46:17.555", "category": [15], "extra_option": [26, 27, 29, 30, 31, 32, 33, 34], "required_option": [14]}}, {"model": "MenuItem.menuitem", "pk": 68, "fields": {"vendor": 2, "title": "玉米吐司", "price": "25.00", "unit": "份", "hot": false, "menu_img_url": "menu_images/IMG_3245_NPeW7Ip.JPG", "desc": "可做全素或蛋奶素", "promotions": null, "daily_max_orders": 100, "remaining_quantity": 20, "created_at": "2023-11-17T10:47:37.745", "category": [15], "extra_option": [26, 27, 29, 30, 31, 32, 33, 34, 35, 36], "required_option": [14]}}, {"model": "MenuItem.menuitem", "pk": 69, "fields": {"vendor": 2, "title": "火腿蛋吐司", "price": "40.00", "unit": "份", "hot": false, "menu_img_url": "menu_images/IMG_3245_rvGccyI.JPG", "desc": "", "promotions": null, "daily_max_orders": 100, "remaining_quantity": 20, "created_at": "2023-11-17T10:48:54.769", "category": [15], "extra_option": [26, 27, 29, 30, 31, 32, 33, 34], "required_option": [14]}}, {"model": "MenuItem.menuitem", "pk": 70, "fields": {"vendor": 2, "title": "起司蛋吐司", "price": "40.00", "unit": "份", "hot": false, "menu_img_url": "menu_images/IMG_3245_fec0jTj.JPG", "desc": "可做全素或蛋奶素", "promotions": null, "daily_max_orders": 100, "remaining_quantity": 20, "created_at": "2023-11-17T10:49:53.136", "category": [15], "extra_option": [26, 27, 29, 30, 31, 32, 33, 34, 35, 36], "required_option": [14]}}, {"model": "MenuItem.menuitem", "pk": 71, "fields": {"vendor": 2, "title": "九層塔蛋吐司", "price": "40.00", "unit": "份", "hot": false, "menu_img_url": "menu_images/IMG_3245_i4kHJTS.JPG", "desc": "可做全素或蛋奶素", "promotions": null, "daily_max_orders": 100, "remaining_quantity": 20, "created_at": "2023-11-17T10:50:48.626", "category": [15], "extra_option": [26, 27, 29, 30, 31, 32, 33, 34, 35, 36], "required_option": [14]}}, {"model": "MenuItem.menuitem", "pk": 72, "fields": {"vendor": 2, "title": "鮪魚吐司", "price": "40.00", "unit": "份", "hot": false, "menu_img_url": "menu_images/IMG_3245_UKnh5ZX.JPG", "desc": "", "promotions": null, "daily_max_orders": 100, "remaining_quantity": 20, "created_at": "2023-11-17T10:55:44.088", "category": [15], "extra_option": [26, 27, 29, 30, 31, 32, 33, 34], "required_option": [14]}}, {"model": "MenuItem.menuitem", "pk": 73, "fields": {"vendor": 2, "title": "漢堡肉吐司", "price": "40.00", "unit": "份", "hot": false, "menu_img_url": "menu_images/IMG_3245_jc0NdZa.JPG", "desc": "", "promotions": null, "daily_max_orders": 100, "remaining_quantity": 20, "created_at": "2023-11-17T10:56:29.134", "category": [15], "extra_option": [26, 27, 29, 30, 31, 32, 33, 34], "required_option": [14]}}, {"model": "MenuItem.menuitem", "pk": 74, "fields": {"vendor": 2, "title": "培根吐司", "price": "40.00", "unit": "份", "hot": false, "menu_img_url": "menu_images/IMG_3245_NpKt6gi.JPG", "desc": "", "promotions": null, "daily_max_orders": 100, "remaining_quantity": 20, "created_at": "2023-11-17T10:59:02.125", "category": [15], "extra_option": [26, 27, 29, 30, 31, 32, 33, 34], "required_option": [14]}}, {"model": "MenuItem.menuitem", "pk": 75, "fields": {"vendor": 2, "title": "薯餅吐司", "price": "40.00", "unit": "份", "hot": false, "menu_img_url": "menu_images/IMG_3245_G2qeHDg.JPG", "desc": "可做全素或蛋奶素", "promotions": null, "daily_max_orders": 100, "remaining_quantity": 20, "created_at": "2023-11-17T11:01:03.858", "category": [15], "extra_option": [26, 27, 29, 30, 31, 32, 33, 34, 35, 36], "required_option": [14]}}, {"model": "MenuItem.menuitem", "pk": 76, "fields": {"vendor": 2, "title": "里肌燒肉吐司", "price": "55.00", "unit": "份", "hot": false, "menu_img_url": "menu_images/IMG_3245_kk7gQKk.JPG", "desc": "", "promotions": null, "daily_max_orders": 100, "remaining_quantity": 20, "created_at": "2023-11-17T11:02:50.605", "category": [15], "extra_option": [26, 27, 29, 30, 31, 32, 33, 34], "required_option": [14]}}, {"model": "MenuItem.menuitem", "pk": 77, "fields": {"vendor": 2, "title": "嫩煎雞吐司", "price": "55.00", "unit": "份", "hot": false, "menu_img_url": "menu_images/IMG_3245_GGlxhTN.JPG", "desc": "", "promotions": null, "daily_max_orders": 100, "remaining_quantity": 20, "created_at": "2023-11-17T11:05:39.820", "category": [15], "extra_option": [26, 27, 29, 30, 31, 32, 33, 34], "required_option": [14]}}, {"model": "MenuItem.menuitem", "pk": 78, "fields": {"vendor": 2, "title": "極品蝦排吐司", "price": "55.00", "unit": "份", "hot": false, "menu_img_url": "menu_images/IMG_3245_uPtbw45.JPG", "desc": "", "promotions": null, "daily_max_orders": 100, "remaining_quantity": 20, "created_at": "2023-11-17T11:08:41.227", "category": [15], "extra_option": [26, 27, 29, 30, 31, 32, 33, 34], "required_option": [14]}}, {"model": "MenuItem.menuitem", "pk": 79, "fields": {"vendor": 2, "title": "酥脆魚排吐司", "price": "55.00", "unit": "份", "hot": false, "menu_img_url": "menu_images/IMG_3245_UsFbSVM.JPG", "desc": "", "promotions": null, "daily_max_orders": 100, "remaining_quantity": 20, "created_at": "2023-11-17T11:12:06.172", "category": [15], "extra_option": [26, 27, 29, 30, 31, 32, 33, 34], "required_option": [14]}}, {"model": "MenuItem.menuitem", "pk": 80, "fields": {"vendor": 2, "title": "起司豬排吐司", "price": "55.00", "unit": "份", "hot": false, "menu_img_url": "menu_images/IMG_3245_AjRxwEJ.JPG", "desc": "", "promotions": null, "daily_max_orders": 100, "remaining_quantity": 20, "created_at": "2023-11-17T11:13:50.181", "category": [15], "extra_option": [26, 27, 29, 30, 31, 32, 33, 34], "required_option": [14]}}, {"model": "MenuItem.menuitem", "pk": 81, "fields": {"vendor": 2, "title": "黑胡椒素排吐司", "price": "50.00", "unit": "份", "hot": false, "menu_img_url": "menu_images/IMG_3245_brlbASH.JPG", "desc": "可做全素或蛋奶素", "promotions": null, "daily_max_orders": 100, "remaining_quantity": 20, "created_at": "2023-11-17T11:14:57.525", "category": [15], "extra_option": [26, 27, 29, 30, 31, 32, 33, 34, 35, 36], "required_option": [14]}}, {"model": "MenuItem.menuitem", "pk": 82, "fields": {"vendor": 2, "title": "日式豬排吐司", "price": "55.00", "unit": "份", "hot": false, "menu_img_url": "menu_images/IMG_3245_XoezSVm.JPG", "desc": "", "promotions": null, "daily_max_orders": 100, "remaining_quantity": 20, "created_at": "2023-11-17T11:16:07.154", "category": [15], "extra_option": [26, 27, 29, 30, 31, 32, 33, 34], "required_option": [14]}}, {"model": "MenuItem.menuitem", "pk": 83, "fields": {"vendor": 2, "title": "卡啦雞吐司", "price": "55.00", "unit": "份", "hot": false, "menu_img_url": "menu_images/IMG_3245_uMHB2xK.JPG", "desc": "", "promotions": null, "daily_max_orders": 100, "remaining_quantity": 20, "created_at": "2023-11-17T11:16:58.506", "category": [15], "extra_option": [26, 27, 29, 30, 31, 32, 33, 34], "required_option": [12, 13]}}, {"model": "MenuItem.menuitem", "pk": 84, "fields": {"vendor": 2, "title": "香茅檸檬雞排吐司", "price": "55.00", "unit": "份", "hot": false, "menu_img_url": "menu_images/IMG_3245_jilAvVR.JPG", "desc": "", "promotions": null, "daily_max_orders": 100, "remaining_quantity": 20, "created_at": "2023-11-17T11:17:45.919", "category": [15], "extra_option": [26, 27, 29, 30, 31, 32, 33, 34], "required_option": [14]}}, {"model": "MenuItem.menuitem", "pk": 85, "fields": {"vendor": 2, "title": "九層塔蛋漢堡", "price": "45.00", "unit": "份", "hot": false, "menu_img_url": "menu_images/IMG_3241.JPG", "desc": "可做全素或蛋奶素", "promotions": null, "daily_max_orders": 100, "remaining_quantity": 20, "created_at": "2023-11-19T09:28:20.285", "category": [16], "extra_option": [26, 27, 30, 31, 32, 33, 34, 35, 36], "required_option": [14]}}, {"model": "MenuItem.menuitem", "pk": 86, "fields": {"vendor": 2, "title": "鮪魚漢堡", "price": "45.00", "unit": "份", "hot": false, "menu_img_url": "menu_images/IMG_3241_09nlPGR.JPG", "desc": "", "promotions": null, "daily_max_orders": 100, "remaining_quantity": 20, "created_at": "2023-11-19T09:29:22.234", "category": [16], "extra_option": [26, 27, 30, 31, 32, 33, 34], "required_option": [14]}}, {"model": "MenuItem.menuitem", "pk": 87, "fields": {"vendor": 2, "title": "漢堡肉漢堡", "price": "45.00", "unit": "份", "hot": false, "menu_img_url": "menu_images/IMG_3241_Gb7HLQA.JPG", "desc": "", "promotions": null, "daily_max_orders": 100, "remaining_quantity": 20, "created_at": "2023-11-19T09:30:12.951", "category": [16], "extra_option": [26, 27, 30, 31, 32, 33, 34], "required_option": [14]}}, {"model": "MenuItem.menuitem", "pk": 88, "fields": {"vendor": 2, "title": "培根漢堡", "price": "45.00", "unit": "份", "hot": false, "menu_img_url": "menu_images/IMG_3241_XOOGWO1.JPG", "desc": "可做全素或蛋奶素", "promotions": null, "daily_max_orders": 100, "remaining_quantity": 20, "created_at": "2023-11-19T09:33:55.014", "category": [16], "extra_option": [26, 27, 30, 31, 32, 33, 34], "required_option": [14]}}, {"model": "MenuItem.menuitem", "pk": 89, "fields": {"vendor": 2, "title": "起司蛋堡", "price": "45.00", "unit": "份", "hot": false, "menu_img_url": "menu_images/IMG_3241_OESGBkD.JPG", "desc": "可做全素或蛋奶素", "promotions": null, "daily_max_orders": 100, "remaining_quantity": 20, "created_at": "2023-11-19T09:35:14.084", "category": [16], "extra_option": [26, 27, 30, 31, 32, 33, 34, 35, 36], "required_option": [14]}}, {"model": "MenuItem.menuitem", "pk": 90, "fields": {"vendor": 2, "title": "火腿蛋堡", "price": "45.00", "unit": "份", "hot": false, "menu_img_url": "menu_images/IMG_3241_UzsPMib.JPG", "desc": "可做全素或蛋奶素", "promotions": null, "daily_max_orders": 100, "remaining_quantity": 20, "created_at": "2023-11-19T09:36:10.602", "category": [16], "extra_option": [26, 27, 30, 31, 32, 33, 34], "required_option": [14]}}, {"model": "MenuItem.menuitem", "pk": 93, "fields": {"vendor": 2, "title": "薯餅漢堡", "price": "45.00", "unit": "份", "hot": false, "menu_img_url": "menu_images/IMG_3241_ajCxI9l.JPG", "desc": "可做全素或蛋奶素", "promotions": null, "daily_max_orders": 100, "remaining_quantity": 20, "created_at": "2023-11-19T09:48:57.496", "category": [16], "extra_option": [26, 27, 30, 31, 32, 33, 34, 35, 36], "required_option": [14]}}, {"model": "MenuItem.menuitem", "pk": 94, "fields": {"vendor": 2, "title": "燒肉漢堡", "price": "60.00", "unit": "份", "hot": false, "menu_img_url": "menu_images/IMG_3241_tq3yqPk.JPG", "desc": "", "promotions": null, "daily_max_orders": 100, "remaining_quantity": 20, "created_at": "2023-11-19T09:58:25.564", "category": [16], "extra_option": [26, 27, 30, 31, 32, 33, 34], "required_option": [14]}}, {"model": "MenuItem.menuitem", "pk": 95, "fields": {"vendor": 2, "title": "嫩煎雞漢堡", "price": "60.00", "unit": "份", "hot": false, "menu_img_url": "menu_images/IMG_3241_yupp055.JPG", "desc": "", "promotions": null, "daily_max_orders": 100, "remaining_quantity": 20, "created_at": "2023-11-19T09:59:22.584", "category": [16], "extra_option": [26, 27, 30, 31, 32, 33, 34], "required_option": [14]}}, {"model": "MenuItem.menuitem", "pk": 96, "fields": {"vendor": 2, "title": "起司豬排漢堡", "price": "60.00", "unit": "份", "hot": false, "menu_img_url": "menu_images/IMG_3241_HjNuKNJ.JPG", "desc": "", "promotions": null, "daily_max_orders": 100, "remaining_quantity": 20, "created_at": "2023-11-19T10:00:13.941", "category": [16], "extra_option": [26, 27, 30, 31, 32, 33, 34], "required_option": [14]}}, {"model": "MenuItem.menuitem", "pk": 97, "fields": {"vendor": 2, "title": "日式豬排漢堡", "price": "60.00", "unit": "份", "hot": false, "menu_img_url": "menu_images/IMG_3241_tYgQJlI.JPG", "desc": "", "promotions": null, "daily_max_orders": 100, "remaining_quantity": 20, "created_at": "2023-11-19T10:01:34.887", "category": [16], "extra_option": [26, 27, 30, 31, 32, 33, 34], "required_option": [14]}}, {"model": "MenuItem.menuitem", "pk": 98, "fields": {"vendor": 2, "title": "卡啦雞漢堡", "price": "60.00", "unit": "份", "hot": false, "menu_img_url": "menu_images/IMG_3241_fnU0lCE.JPG", "desc": "", "promotions": null, "daily_max_orders": 100, "remaining_quantity": 20, "created_at": "2023-11-19T10:04:30.297", "category": [16], "extra_option": [26, 27, 30, 31, 32, 33, 34], "required_option": [12, 13]}}, {"model": "MenuItem.menuitem", "pk": 99, "fields": {"vendor": 2, "title": "香茅檸檬雞排漢堡", "price": "60.00", "unit": "份", "hot": false, "menu_img_url": "menu_images/IMG_3241_uCXAZYz.JPG", "desc": "", "promotions": null, "daily_max_orders": 100, "remaining_quantity": 20, "created_at": "2023-11-19T10:05:29.715", "category": [16], "extra_option": [26, 27, 30, 31, 32, 33, 34], "required_option": [14]}}, {"model": "MenuItem.menuitem", "pk": 100, "fields": {"vendor": 2, "title": "極品蝦排漢堡", "price": "60.00", "unit": "份", "hot": false, "menu_img_url": "menu_images/IMG_3241_xgddp5b.JPG", "desc": "", "promotions": null, "daily_max_orders": 100, "remaining_quantity": 20, "created_at": "2023-11-19T10:06:19.328", "category": [16], "extra_option": [26, 27, 30, 31, 32, 33, 34], "required_option": [14]}}, {"model": "MenuItem.menuitem", "pk": 101, "fields": {"vendor": 2, "title": "酥脆魚排漢堡", "price": "60.00", "unit": "份", "hot": false, "menu_img_url": "menu_images/IMG_3241_J8kWihI.JPG", "desc": "", "promotions": null, "daily_max_orders": 100, "remaining_quantity": 20, "created_at": "2023-11-19T10:06:58.089", "category": [16], "extra_option": [26, 27, 30, 31, 32, 33, 34], "required_option": [14]}}, {"model": "MenuItem.menuitem", "pk": 102, "fields": {"vendor": 2, "title": "黑胡椒素排漢堡", "price": "55.00", "unit": "份", "hot": false, "menu_img_url": "menu_images/IMG_3241_r5UOeJ9.JPG", "desc": "可做全素或蛋奶素", "promotions": null, "daily_max_orders": 100, "remaining_quantity": 20, "created_at": "2023-11-19T10:07:38.812", "category": [16], "extra_option": [26, 27, 30, 31, 32, 33, 34, 35, 36], "required_option": [14]}}, {"model": "MenuItem.menuitem", "pk": 103, "fields": {"vendor": 2, "title": "九層塔蛋潛艇堡", "price": "45.00", "unit": "份", "hot": false, "menu_img_url": "menu_images/IMG_3244.JPG", "desc": "可做全素或蛋奶素", "promotions": null, "daily_max_orders": 100, "remaining_quantity": 20, "created_at": "2023-11-19T10:09:58.328", "category": [17], "extra_option": [26, 27, 30, 31, 32, 33, 34, 35, 36], "required_option": [14]}}, {"model": "MenuItem.menuitem", "pk": 104, "fields": {"vendor": 2, "title": "鮪魚潛艇堡", "price": "45.00", "unit": "份", "hot": false, "menu_img_url": "menu_images/IMG_3244_IDeRDUB.JPG", "desc": "", "promotions": null, "daily_max_orders": 100, "remaining_quantity": 20, "created_at": "2023-11-19T10:10:40.715", "category": [17], "extra_option": [26, 27, 30, 31, 32, 33, 34], "required_option": [14]}}, {"model": "MenuItem.menuitem", "pk": 105, "fields": {"vendor": 2, "title": "漢堡肉潛艇堡", "price": "45.00", "unit": "份", "hot": false, "menu_img_url": "menu_images/IMG_3244_vXkKLTw.JPG", "desc": "", "promotions": null, "daily_max_orders": 100, "remaining_quantity": 20, "created_at": "2023-11-19T10:13:18.877", "category": [17], "extra_option": [26, 27, 30, 31, 32, 33, 34], "required_option": [14]}}, {"model": "MenuItem.menuitem", "pk": 106, "fields": {"vendor": 2, "title": "培根潛艇堡", "price": "45.00", "unit": "份", "hot": false, "menu_img_url": "menu_images/IMG_3244_UQre0OQ.JPG", "desc": "", "promotions": null, "daily_max_orders": 100, "remaining_quantity": 20, "created_at": "2023-11-19T10:14:17.596", "category": [17], "extra_option": [26, 27, 30, 31, 32, 33, 34], "required_option": [14]}}, {"model": "MenuItem.menuitem", "pk": 107, "fields": {"vendor": 2, "title": "起司蛋潛艇堡", "price": "45.00", "unit": "份", "hot": false, "menu_img_url": "menu_images/IMG_3244_G4Wt3L7.JPG", "desc": "可做全素或蛋奶素", "promotions": null, "daily_max_orders": 100, "remaining_quantity": 20, "created_at": "2023-11-19T10:15:33.239", "category": [17], "extra_option": [26, 27, 30, 31, 32, 33, 34, 35, 36], "required_option": [14]}}, {"model": "MenuItem.menuitem", "pk": 108, "fields": {"vendor": 2, "title": "火腿蛋潛艇堡", "price": "45.00", "unit": "份", "hot": false, "menu_img_url": "menu_images/IMG_3244_jIvTUYF.JPG", "desc": "", "promotions": null, "daily_max_orders": 100, "remaining_quantity": 20, "created_at": "2023-11-19T10:16:23.850", "category": [17], "extra_option": [26, 27, 30, 31, 32, 33, 34], "required_option": [14]}}, {"model": "MenuItem.menuitem", "pk": 109, "fields": {"vendor": 2, "title": "薯餅潛艇堡", "price": "45.00", "unit": "份", "hot": false, "menu_img_url": "menu_images/IMG_3244_HZQx4Nk.JPG", "desc": "可做全素或蛋奶素", "promotions": null, "daily_max_orders": 100, "remaining_quantity": 20, "created_at": "2023-11-19T10:17:37.156", "category": [17], "extra_option": [26, 27, 30, 31, 32, 33, 34, 35, 36], "required_option": [14]}}, {"model": "MenuItem.menuitem", "pk": 110, "fields": {"vendor": 2, "title": "燒肉潛艇堡", "price": "60.00", "unit": "份", "hot": false, "menu_img_url": "menu_images/IMG_3244_7XT7D5G.JPG", "desc": "", "promotions": null, "daily_max_orders": 100, "remaining_quantity": 20, "created_at": "2023-11-19T10:25:11.912", "category": [17], "extra_option": [26, 27, 30, 31, 32, 33, 34], "required_option": [14]}}, {"model": "MenuItem.menuitem", "pk": 111, "fields": {"vendor": 2, "title": "嫩煎雞潛艇堡", "price": "60.00", "unit": "份", "hot": false, "menu_img_url": "menu_images/IMG_3244_RmCvd26.JPG", "desc": "", "promotions": null, "daily_max_orders": 100, "remaining_quantity": 20, "created_at": "2023-11-19T10:27:14.651", "category": [17], "extra_option": [26, 27, 30, 31, 32, 33, 34], "required_option": [14]}}, {"model": "MenuItem.menuitem", "pk": 112, "fields": {"vendor": 2, "title": "起司豬排潛艇堡", "price": "60.00", "unit": "份", "hot": false, "menu_img_url": "menu_images/IMG_3244_xpRlkOl.JPG", "desc": "", "promotions": null, "daily_max_orders": 100, "remaining_quantity": 20, "created_at": "2023-11-19T10:28:11.349", "category": [17], "extra_option": [26, 27, 30, 31, 32, 33, 34], "required_option": [14]}}, {"model": "MenuItem.menuitem", "pk": 113, "fields": {"vendor": 2, "title": "日式豬排潛艇堡", "price": "60.00", "unit": "份", "hot": false, "menu_img_url": "menu_images/IMG_3244_x3BSLIg.JPG", "desc": "", "promotions": null, "daily_max_orders": 100, "remaining_quantity": 20, "created_at": "2023-11-19T10:29:24.120", "category": [17], "extra_option": [26, 27, 30, 31, 32, 33, 34], "required_option": [14]}}, {"model": "MenuItem.menuitem", "pk": 114, "fields": {"vendor": 2, "title": "卡啦雞潛艇堡", "price": "60.00", "unit": "份", "hot": false, "menu_img_url": "menu_images/IMG_3244_Pmm1jLl.JPG", "desc": "", "promotions": null, "daily_max_orders": 100, "remaining_quantity": 20, "created_at": "2023-11-19T10:30:40.122", "category": [17], "extra_option": [26, 27, 30, 31, 32, 33, 34], "required_option": [12, 13]}}, {"model": "MenuItem.menuitem", "pk": 115, "fields": {"vendor": 2, "title": "香茅檸檬雞潛艇堡", "price": "60.00", "unit": "份", "hot": false, "menu_img_url": "menu_images/IMG_3244_Mv20LCO.JPG", "desc": "", "promotions": null, "daily_max_orders": 100, "remaining_quantity": 20, "created_at": "2023-11-19T10:32:11.129", "category": [17], "extra_option": [26, 27, 30, 31, 32, 33, 34], "required_option": [14]}}, {"model": "MenuItem.menuitem", "pk": 116, "fields": {"vendor": 2, "title": "極品蝦排潛艇堡", "price": "60.00", "unit": "份", "hot": false, "menu_img_url": "menu_images/IMG_3244_TDYZwcC.JPG", "desc": "", "promotions": null, "daily_max_orders": 100, "remaining_quantity": 20, "created_at": "2023-11-19T10:40:03.184", "category": [17], "extra_option": [26, 27, 30, 31, 32, 33, 34], "required_option": [14]}}, {"model": "MenuItem.menuitem", "pk": 117, "fields": {"vendor": 2, "title": "酥脆魚排潛艇堡", "price": "60.00", "unit": "份", "hot": false, "menu_img_url": "menu_images/IMG_3244_QYE9WO1.JPG", "desc": "", "promotions": null, "daily_max_orders": 100, "remaining_quantity": 20, "created_at": "2023-11-19T10:42:57.610", "category": [17], "extra_option": [26, 27, 30, 31, 32, 33, 34], "required_option": [14]}}, {"model": "MenuItem.menuitem", "pk": 118, "fields": {"vendor": 2, "title": "黑胡椒素排潛艇堡", "price": "55.00", "unit": "份", "hot": false, "menu_img_url": "menu_images/IMG_3244_7O51zT0.JPG", "desc": "可做全素或蛋奶素", "promotions": null, "daily_max_orders": 100, "remaining_quantity": 20, "created_at": "2023-11-19T10:44:09.606", "category": [17], "extra_option": [26, 27, 30, 31, 32, 33, 34, 35, 36], "required_option": [14]}}, {"model": "MenuItem.menuitem", "pk": 119, "fields": {"vendor": 2, "title": "波浪薯條", "price": "40.00", "unit": "份", "hot": false, "menu_img_url": "menu_images/薯條.jpeg", "desc": "可做全素或蛋奶素", "promotions": null, "daily_max_orders": 100, "remaining_quantity": 20, "created_at": "2023-11-19T10:57:08.469", "category": [18], "extra_option": [35, 36, 38, 39], "required_option": [14]}}, {"model": "MenuItem.menuitem", "pk": 120, "fields": {"vendor": 2, "title": "薯餅", "price": "40.00", "unit": "份", "hot": false, "menu_img_url": "menu_images/薯餅.jpeg", "desc": "可做全素或蛋奶素", "promotions": null, "daily_max_orders": 100, "remaining_quantity": 20, "created_at": "2023-11-19T11:19:11.117", "category": [18], "extra_option": [35, 36, 38, 39], "required_option": [14]}}, {"model": "MenuItem.menuitem", "pk": 121, "fields": {"vendor": 2, "title": "香酥雞塊", "price": "50.00", "unit": "份", "hot": false, "menu_img_url": "menu_images/IMG_3242.JPG", "desc": "總共8塊", "promotions": null, "daily_max_orders": 100, "remaining_quantity": 20, "created_at": "2023-11-19T11:21:19.874", "category": [18], "extra_option": [38, 39], "required_option": [14]}}, {"model": "MenuItem.menuitem", "pk": 122, "fields": {"vendor": 2, "title": "小熱狗", "price": "50.00", "unit": "份", "hot": false, "menu_img_url": "menu_images/小熱狗.jpeg", "desc": "", "promotions": null, "daily_max_orders": 100, "remaining_quantity": 20, "created_at": "2023-11-19T11:24:22.048", "category": [18], "extra_option": [38, 39], "required_option": [14]}}, {"model": "MenuItem.menuitem", "pk": 123, "fields": {"vendor": 2, "title": "薯餅起司蛋", "price": "40.00", "unit": "份", "hot": false, "menu_img_url": "menu_images/IMG_3242_kci4XkR.JPG", "desc": "可做全素或蛋奶素", "promotions": null, "daily_max_orders": 100, "remaining_quantity": 20, "created_at": "2023-11-19T11:26:49.149", "category": [18], "extra_option": [26, 27, 35, 36, 38, 39], "required_option": [14]}}, {"model": "MenuItem.menuitem", "pk": 124, "fields": {"vendor": 2, "title": "炸餅皮", "price": "30.00", "unit": "份", "hot": false, "menu_img_url": "menu_images/IMG_3242_8e0fWM8.JPG", "desc": "可做全素或蛋奶素", "promotions": null, "daily_max_orders": 100, "remaining_quantity": 20, "created_at": "2023-11-19T11:28:11.159", "category": [18], "extra_option": [35, 36, 38, 39], "required_option": [14]}}, {"model": "MenuItem.menuitem", "pk": 125, "fields": {"vendor": 2, "title": "蘿蔔糕", "price": "30.00", "unit": "份", "hot": false, "menu_img_url": "menu_images/IMG_3242_OIqQZj6.JPG", "desc": "可做全素或蛋奶素", "promotions": null, "daily_max_orders": 100, "remaining_quantity": 20, "created_at": "2023-11-19T11:29:59.489", "category": [18], "extra_option": [35, 36, 38, 39], "required_option": [14]}}, {"model": "MenuItem.menuitem", "pk": 126, "fields": {"vendor": 2, "title": "紅茶", "price": "20.00", "unit": "杯", "hot": false, "menu_img_url": "menu_images/紅茶.jpeg", "desc": "", "promotions": null, "daily_max_orders": 100, "remaining_quantity": 20, "created_at": "2023-11-19T11:55:03.115", "category": [19], "extra_option": [37], "required_option": [15, 16]}}, {"model": "MenuItem.menuitem", "pk": 127, "fields": {"vendor": 2, "title": "豆漿", "price": "20.00", "unit": "杯", "hot": false, "menu_img_url": "menu_images/豆漿.jpeg", "desc": "", "promotions": null, "daily_max_orders": 100, "remaining_quantity": 20, "created_at": "2023-11-19T11:55:57.228", "category": [19], "extra_option": [37], "required_option": [15, 16]}}, {"model": "MenuItem.menuitem", "pk": 128, "fields": {"vendor": 2, "title": "豆漿紅茶", "price": "20.00", "unit": "杯", "hot": false, "menu_img_url": "menu_images/奶茶.jpeg", "desc": "", "promotions": null, "daily_max_orders": 100, "remaining_quantity": 20, "created_at": "2023-11-19T11:56:31.346", "category": [19], "extra_option": [37], "required_option": [15, 16]}}, {"model": "MenuItem.menuitem", "pk": 129, "fields": {"vendor": 2, "title": "咖啡牛奶", "price": "30.00", "unit": "杯", "hot": false, "menu_img_url": "menu_images/奶茶_wvvTIke.jpeg", "desc": "", "promotions": null, "daily_max_orders": 100, "remaining_quantity": 20, "created_at": "2023-11-19T11:57:40.647", "category": [19], "extra_option": [37], "required_option": [14]}}, {"model": "MenuItem.menuitem", "pk": 130, "fields": {"vendor": 2, "title": "鮮奶茶", "price": "30.00", "unit": "杯", "hot": false, "menu_img_url": "menu_images/奶茶_ckr2rly.jpeg", "desc": "", "promotions": null, "daily_max_orders": 100, "remaining_quantity": 20, "created_at": "2023-11-19T12:06:09.493", "category": [19], "extra_option": [37], "required_option": [15, 16]}}, {"model": "MenuItem.menuitem", "pk": 131, "fields": {"vendor": 2, "title": "奶茶", "price": "20.00", "unit": "杯", "hot": false, "menu_img_url": "menu_images/奶茶_1X0l4vf.jpeg", "desc": "", "promotions": null, "daily_max_orders": 100, "remaining_quantity": 20, "created_at": "2023-11-19T12:08:15.399", "category": [19], "extra_option": [37], "required_option": [14]}}, {"model": "MenuItem.menuitem", "pk": 132, "fields": {"vendor": 2, "title": "泰式奶茶", "price": "25.00", "unit": "杯", "hot": false, "menu_img_url": "menu_images/奶茶_5E9oSJy.jpeg", "desc": "", "promotions": null, "daily_max_orders": 100, "remaining_quantity": 20, "created_at": "2023-11-19T12:08:52.459", "category": [19], "extra_option": [37], "required_option": [14]}}, {"model": "MenuItem.menuitem", "pk": 133, "fields": {"vendor": 2, "title": "原味蛋餅", "price": "25.00", "unit": "份", "hot": false, "menu_img_url": "menu_images/IMG_3243.JPG", "desc": "可做全素或蛋奶素", "promotions": null, "daily_max_orders": 100, "remaining_quantity": 20, "created_at": "2023-11-19T14:18:03.331", "category": [20], "extra_option": [26, 27, 35, 36], "required_option": [14]}}, {"model": "MenuItem.menuitem", "pk": 134, "fields": {"vendor": 2, "title": "玉米蛋餅", "price": "30.00", "unit": "份", "hot": false, "menu_img_url": "menu_images/IMG_3243_FINd5uE.JPG", "desc": "可做全素或蛋奶素", "promotions": null, "daily_max_orders": 100, "remaining_quantity": 20, "created_at": "2023-11-19T14:19:09.301", "category": [20], "extra_option": [26, 27, 35, 36], "required_option": [14]}}, {"model": "MenuItem.menuitem", "pk": 135, "fields": {"vendor": 2, "title": "肉鬆蛋餅", "price": "30.00", "unit": "份", "hot": false, "menu_img_url": "menu_images/IMG_3243_dS5O1cb.JPG", "desc": "可做全素或蛋奶素", "promotions": null, "daily_max_orders": 100, "remaining_quantity": 20, "created_at": "2023-11-19T14:20:42.569", "category": [20], "extra_option": [26, 27, 35, 36], "required_option": [14]}}, {"model": "MenuItem.menuitem", "pk": 136, "fields": {"vendor": 2, "title": "九層塔蛋餅", "price": "30.00", "unit": "份", "hot": false, "menu_img_url": "menu_images/IMG_3243_pXsUXLy.JPG", "desc": "可做全素或蛋奶素", "promotions": null, "daily_max_orders": 100, "remaining_quantity": 20, "created_at": "2023-11-19T14:21:50.943", "category": [20], "extra_option": [26, 27, 35, 36], "required_option": [14]}}, {"model": "MenuItem.menuitem", "pk": 137, "fields": {"vendor": 2, "title": "火腿蛋餅", "price": "30.00", "unit": "份", "hot": false, "menu_img_url": "menu_images/IMG_3243_8ota7Pg.JPG", "desc": "", "promotions": null, "daily_max_orders": 100, "remaining_quantity": 20, "created_at": "2023-11-19T14:23:04.184", "category": [20], "extra_option": [26, 27], "required_option": [14]}}, {"model": "MenuItem.menuitem", "pk": 138, "fields": {"vendor": 2, "title": "熱狗蛋餅", "price": "35.00", "unit": "份", "hot": false, "menu_img_url": "menu_images/IMG_3243_iHu408D.JPG", "desc": "", "promotions": null, "daily_max_orders": 100, "remaining_quantity": 20, "created_at": "2023-11-19T14:23:43.246", "category": [20], "extra_option": [26, 27], "required_option": [14]}}, {"model": "MenuItem.menuitem", "pk": 139, "fields": {"vendor": 2, "title": "培根蛋餅", "price": "35.00", "unit": "份", "hot": false, "menu_img_url": "menu_images/IMG_3243_tFhK2g1.JPG", "desc": "", "promotions": null, "daily_max_orders": 100, "remaining_quantity": 20, "created_at": "2023-11-19T14:24:31.813", "category": [20], "extra_option": [26, 27], "required_option": [14]}}, {"model": "MenuItem.menuitem", "pk": 140, "fields": {"vendor": 2, "title": "起司蛋餅", "price": "35.00", "unit": "份", "hot": false, "menu_img_url": "menu_images/IMG_3243_OM9WjPX.JPG", "desc": "可做全素或蛋奶素", "promotions": null, "daily_max_orders": 100, "remaining_quantity": 20, "created_at": "2023-11-19T14:26:53.650", "category": [20], "extra_option": [26, 27, 35, 36], "required_option": [14]}}, {"model": "MenuItem.menuitem", "pk": 141, "fields": {"vendor": 2, "title": "鮪魚蛋餅", "price": "35.00", "unit": "份", "hot": false, "menu_img_url": "menu_images/IMG_3243_ZxdoZV8.JPG", "desc": "", "promotions": null, "daily_max_orders": 100, "remaining_quantity": 20, "created_at": "2023-11-19T14:28:45.313", "category": [20], "extra_option": [26, 27], "required_option": [14]}}, {"model": "MenuItem.menuitem", "pk": 142, "fields": {"vendor": 2, "title": "漢堡肉蛋餅", "price": "40.00", "unit": "份", "hot": false, "menu_img_url": "menu_images/IMG_3243_1vJ4CgE.JPG", "desc": "", "promotions": null, "daily_max_orders": 100, "remaining_quantity": 20, "created_at": "2023-11-19T14:30:07.268", "category": [19], "extra_option": [26, 27], "required_option": [14]}}, {"model": "MenuItem.menuitem", "pk": 143, "fields": {"vendor": 2, "title": "薯餅蛋餅", "price": "40.00", "unit": "份", "hot": false, "menu_img_url": "menu_images/IMG_3243_X6IbnyN.JPG", "desc": "可做全素或蛋奶素", "promotions": null, "daily_max_orders": 100, "remaining_quantity": 20, "created_at": "2023-11-19T14:32:21.507", "category": [20], "extra_option": [26, 27, 35, 36], "required_option": [14]}}, {"model": "MenuItem.menuitem", "pk": 144, "fields": {"vendor": 2, "title": "里肌燒肉蛋餅", "price": "50.00", "unit": "份", "hot": false, "menu_img_url": "menu_images/IMG_3243_jq2Rfzn.JPG", "desc": "", "promotions": null, "daily_max_orders": 100, "remaining_quantity": 20, "created_at": "2023-11-19T14:34:09.081", "category": [20], "extra_option": [26, 27], "required_option": [14]}}, {"model": "MenuItem.menuitem", "pk": 145, "fields": {"vendor": 2, "title": "嫩煎雞腿排蛋餅", "price": "50.00", "unit": "份", "hot": false, "menu_img_url": "menu_images/IMG_3243_ySKerza.JPG", "desc": "", "promotions": null, "daily_max_orders": 100, "remaining_quantity": 20, "created_at": "2023-11-19T14:34:51.385", "category": [20], "extra_option": [26, 27], "required_option": [14]}}, {"model": "MenuItem.menuitem", "pk": 146, "fields": {"vendor": 2, "title": "日式豬排蛋餅", "price": "50.00", "unit": "份", "hot": false, "menu_img_url": "menu_images/IMG_3243_orchDaI.JPG", "desc": "", "promotions": null, "daily_max_orders": 100, "remaining_quantity": 20, "created_at": "2023-11-19T14:35:35.396", "category": [20], "extra_option": [26, 27], "required_option": [14]}}, {"model": "MenuItem.menuitem", "pk": 147, "fields": {"vendor": 2, "title": "卡啦雞蛋餅", "price": "50.00", "unit": "份", "hot": false, "menu_img_url": "menu_images/IMG_3243_qmkng7S.JPG", "desc": "", "promotions": null, "daily_max_orders": 100, "remaining_quantity": 20, "created_at": "2023-11-19T14:36:11.469", "category": [20], "extra_option": [26, 27], "required_option": [12, 13]}}, {"model": "MenuItem.menuitem", "pk": 148, "fields": {"vendor": 2, "title": "香茅檸檬雞排蛋餅", "price": "50.00", "unit": "份", "hot": false, "menu_img_url": "menu_images/IMG_3243_cILFRgG.JPG", "desc": "", "promotions": null, "daily_max_orders": 100, "remaining_quantity": 20, "created_at": "2023-11-19T14:36:51.945", "category": [20], "extra_option": [26, 27], "required_option": [14]}}, {"model": "MenuItem.menuitem", "pk": 149, "fields": {"vendor": 2, "title": "極品蝦排蛋餅", "price": "50.00", "unit": "份", "hot": false, "menu_img_url": "menu_images/IMG_3243_7mtwySI.JPG", "desc": "", "promotions": null, "daily_max_orders": 100, "remaining_quantity": 20, "created_at": "2023-11-19T14:37:35.629", "category": [20], "extra_option": [26, 27], "required_option": [14]}}, {"model": "MenuItem.menuitem", "pk": 150, "fields": {"vendor": 2, "title": "酥脆魚排蛋餅", "price": "50.00", "unit": "份", "hot": false, "menu_img_url": "menu_images/IMG_3243_eHS7xfR.JPG", "desc": "", "promotions": null, "daily_max_orders": 100, "remaining_quantity": 20, "created_at": "2023-11-19T14:38:14.184", "category": [20], "extra_option": [26, 27], "required_option": [14]}}, {"model": "MenuItem.menuitem", "pk": 151, "fields": {"vendor": 2, "title": "原味蔥抓餅", "price": "30.00", "unit": "份", "hot": false, "menu_img_url": "menu_images/蔥抓餅.jpeg", "desc": "", "promotions": null, "daily_max_orders": 100, "remaining_quantity": 20, "created_at": "2023-11-19T14:44:47.100", "category": [21], "extra_option": [26, 27], "required_option": [14]}}, {"model": "MenuItem.menuitem", "pk": 152, "fields": {"vendor": 2, "title": "九層塔抓餅", "price": "30.00", "unit": "份", "hot": false, "menu_img_url": "menu_images/蔥抓餅_JmvbppU.jpeg", "desc": "可做全素或蛋奶素", "promotions": null, "daily_max_orders": 100, "remaining_quantity": 20, "created_at": "2023-11-19T14:45:43.161", "category": [21], "extra_option": [26, 27, 35, 36], "required_option": [14]}}, {"model": "MenuItem.menuitem", "pk": 153, "fields": {"vendor": 2, "title": "黑胡椒鐵板麵", "price": "50.00", "unit": "份", "hot": false, "menu_img_url": "menu_images/影像.JPEG", "desc": "會辣", "promotions": null, "daily_max_orders": 100, "remaining_quantity": 20, "created_at": "2023-11-19T14:47:38.756", "category": [22], "extra_option": [26, 27, 28], "required_option": [17, 18]}}, {"model": "MenuItem.menuitem", "pk": 154, "fields": {"vendor": 2, "title": "蘑菇鐵板麵", "price": "50.00", "unit": "份", "hot": false, "menu_img_url": "menu_images/影像_LEW7tID.JPEG", "desc": "", "promotions": null, "daily_max_orders": 100, "remaining_quantity": 20, "created_at": "2023-11-19T14:56:25.008", "category": [22], "extra_option": [26, 27, 28], "required_option": [17, 18]}}, {"model": "MenuItem.menuitem", "pk": 155, "fields": {"vendor": 2, "title": "雙醬鐵板麵", "price": "50.00", "unit": "份", "hot": false, "menu_img_url": "menu_images/影像_AnV3oI7.JPEG", "desc": "微辣", "promotions": null, "daily_max_orders": 100, "remaining_quantity": 20, "created_at": "2023-11-19T14:57:18.320", "category": [22], "extra_option": [26, 27, 28], "required_option": [17, 18]}}, {"model": "MenuItem.menuitem", "pk": 156, "fields": {"vendor": 2, "title": "不要問鐵板麵", "price": "50.00", "unit": "份", "hot": false, "menu_img_url": "menu_images/影像_uabab4N.JPEG", "desc": "", "promotions": null, "daily_max_orders": 100, "remaining_quantity": 20, "created_at": "2023-11-19T14:58:21.991", "category": [22], "extra_option": [26, 27, 28], "required_option": [12, 13, 17, 18]}}, {"model": "MenuItem.menuitem", "pk": 157, "fields": {"vendor": 2, "title": "巧克力厚片", "price": "25.00", "unit": "份", "hot": false, "menu_img_url": "menu_images/厚片.jpeg", "desc": "", "promotions": null, "daily_max_orders": 100, "remaining_quantity": 20, "created_at": "2023-11-19T15:01:43.924", "category": [23], "extra_option": [35, 36], "required_option": [14]}}, {"model": "MenuItem.menuitem", "pk": 158, "fields": {"vendor": 2, "title": "奶酥厚片", "price": "25.00", "unit": "份", "hot": false, "menu_img_url": "menu_images/厚片_Kgor7oQ.jpeg", "desc": "", "promotions": null, "daily_max_orders": 100, "remaining_quantity": 20, "created_at": "2023-11-19T15:02:17.645", "category": [23], "extra_option": [35, 36], "required_option": [14]}}, {"model": "MenuItem.menuitem", "pk": 159, "fields": {"vendor": 2, "title": "雙色厚片", "price": "25.00", "unit": "份", "hot": false, "menu_img_url": "menu_images/厚片_PHXeloW.jpeg", "desc": "需選兩種口味", "promotions": null, "daily_max_orders": 100, "remaining_quantity": 20, "created_at": "2023-11-19T15:05:35.563", "category": [23], "extra_option": [35, 36], "required_option": [19, 20, 21, 22]}}, {"model": "MenuItem.menuitem", "pk": 160, "fields": {"vendor": 2, "title": "黑芝麻奶酥厚片", "price": "25.00", "unit": "份", "hot": false, "menu_img_url": "menu_images/厚片_p7yWWLk.jpeg", "desc": "", "promotions": null, "daily_max_orders": 100, "remaining_quantity": 20, "created_at": "2023-11-19T15:06:33.178", "category": [23], "extra_option": [35, 36], "required_option": [14]}}, {"model": "MenuItem.menuitem", "pk": 161, "fields": {"vendor": 2, "title": "花生厚片", "price": "30.00", "unit": "份", "hot": false, "menu_img_url": "menu_images/厚片_uRUpgLq.jpeg", "desc": "", "promotions": null, "daily_max_orders": 100, "remaining_quantity": 20, "created_at": "2023-11-19T15:07:19.874", "category": [23], "extra_option": [35, 36], "required_option": [14]}}, {"model": "MenuItem.menuitem", "pk": 162, "fields": {"vendor": 2, "title": "焦糖奶油厚片", "price": "30.00", "unit": "份", "hot": false, "menu_img_url": "menu_images/厚片_D5LYHFY.jpeg", "desc": "", "promotions": null, "daily_max_orders": 100, "remaining_quantity": 20, "created_at": "2023-11-19T15:08:25.743", "category": [23], "extra_option": [35, 36], "required_option": [14]}}, {"model": "MenuItem.menuitem", "pk": 163, "fields": {"vendor": 2, "title": "焗烤德國香腸厚片", "price": "50.00", "unit": "份", "hot": false, "menu_img_url": "menu_images/厚片_RKBM6mP.jpeg", "desc": "需等待15分鐘", "promotions": null, "daily_max_orders": 100, "remaining_quantity": 20, "created_at": "2023-11-19T15:09:25.738", "category": [23], "extra_option": [37], "required_option": [14]}}, {"model": "MenuItem.menuitem", "pk": 164, "fields": {"vendor": 2, "title": "焗烤培根厚片", "price": "50.00", "unit": "份", "hot": false, "menu_img_url": "menu_images/厚片_k7zIPRt.jpeg", "desc": "需等待15分鐘", "promotions": null, "daily_max_orders": 100, "remaining_quantity": 20, "created_at": "2023-11-19T15:10:13.490", "category": [23], "extra_option": [37], "required_option": [14]}}, {"model": "MenuItem.menuitem", "pk": 165, "fields": {"vendor": 2, "title": "焗烤燒肉厚片", "price": "50.00", "unit": "份", "hot": false, "menu_img_url": "menu_images/厚片_k9gTuNG.jpeg", "desc": "需等待15分鐘", "promotions": null, "daily_max_orders": 100, "remaining_quantity": 20, "created_at": "2023-11-19T15:10:47.703", "category": [23], "extra_option": [37], "required_option": [14]}}, {"model": "MenuItem.menustatus", "pk": 1, "fields": {"menu_item": 1, "remaining_quantity": 100, "is_available": true, "date": "2023-12-30T00:00:00"}}, {"model": "MenuItem.menustatus", "pk": 2, "fields": {"menu_item": 2, "remaining_quantity": 100, "is_available": true, "date": "2023-12-30T00:00:00"}}, {"model": "MenuItem.menustatus", "pk": 3, "fields": {"menu_item": 3, "remaining_quantity": 100, "is_available": true, "date": "2023-12-30T00:00:00"}}, {"model": "MenuItem.menustatus", "pk": 4, "fields": {"menu_item": 4, "remaining_quantity": 100, "is_available": true, "date": "2023-12-30T00:00:00"}}, {"model": "MenuItem.menustatus", "pk": 5, "fields": {"menu_item": 5, "remaining_quantity": 100, "is_available": true, "date": "2023-12-30T00:00:00"}}, {"model": "MenuItem.menustatus", "pk": 6, "fields": {"menu_item": 6, "remaining_quantity": 100, "is_available": true, "date": "2023-12-30T00:00:00"}}, {"model": "MenuItem.menustatus", "pk": 7, "fields": {"menu_item": 7, "remaining_quantity": 100, "is_available": true, "date": "2023-12-30T00:00:00"}}, {"model": "MenuItem.menustatus", "pk": 8, "fields": {"menu_item": 8, "remaining_quantity": 100, "is_available": true, "date": "2023-12-30T00:00:00"}}, {"model": "MenuItem.menustatus", "pk": 9, "fields": {"menu_item": 9, "remaining_quantity": 100, "is_available": true, "date": "2023-12-30T00:00:00"}}, {"model": "MenuItem.menustatus", "pk": 10, "fields": {"menu_item": 10, "remaining_quantity": 100, "is_available": true, "date": "2023-12-30T00:00:00"}}, {"model": "MenuItem.menustatus", "pk": 11, "fields": {"menu_item": 11, "remaining_quantity": 100, "is_available": true, "date": "2023-12-30T00:00:00"}}, {"model": "MenuItem.menustatus", "pk": 12, "fields": {"menu_item": 12, "remaining_quantity": 100, "is_available": true, "date": "2023-12-30T00:00:00"}}, {"model": "MenuItem.menustatus", "pk": 13, "fields": {"menu_item": 13, "remaining_quantity": 100, "is_available": true, "date": "2023-12-30T00:00:00"}}, {"model": "MenuItem.menustatus", "pk": 14, "fields": {"menu_item": 14, "remaining_quantity": 100, "is_available": true, "date": "2023-12-30T00:00:00"}}, {"model": "MenuItem.menustatus", "pk": 15, "fields": {"menu_item": 15, "remaining_quantity": 100, "is_available": true, "date": "2023-12-30T00:00:00"}}, {"model": "MenuItem.menustatus", "pk": 16, "fields": {"menu_item": 16, "remaining_quantity": 100, "is_available": true, "date": "2023-12-30T00:00:00"}}, {"model": "MenuItem.menustatus", "pk": 17, "fields": {"menu_item": 17, "remaining_quantity": 100, "is_available": true, "date": "2023-12-30T00:00:00"}}, {"model": "MenuItem.menustatus", "pk": 18, "fields": {"menu_item": 18, "remaining_quantity": 100, "is_available": true, "date": "2023-12-30T00:00:00"}}, {"model": "MenuItem.menustatus", "pk": 19, "fields": {"menu_item": 19, "remaining_quantity": 100, "is_available": true, "date": "2023-12-30T00:00:00"}}, {"model": "MenuItem.menustatus", "pk": 20, "fields": {"menu_item": 20, "remaining_quantity": 100, "is_available": true, "date": "2023-12-30T00:00:00"}}, {"model": "MenuItem.menustatus", "pk": 21, "fields": {"menu_item": 21, "remaining_quantity": 100, "is_available": true, "date": "2023-12-30T00:00:00"}}, {"model": "MenuItem.menustatus", "pk": 22, "fields": {"menu_item": 22, "remaining_quantity": 100, "is_available": true, "date": "2023-12-30T00:00:00"}}, {"model": "MenuItem.menustatus", "pk": 23, "fields": {"menu_item": 23, "remaining_quantity": 100, "is_available": true, "date": "2023-12-30T00:00:00"}}, {"model": "MenuItem.menustatus", "pk": 24, "fields": {"menu_item": 24, "remaining_quantity": 100, "is_available": true, "date": "2023-12-30T00:00:00"}}, {"model": "MenuItem.menustatus", "pk": 26, "fields": {"menu_item": 26, "remaining_quantity": 100, "is_available": true, "date": "2023-12-30T00:00:00"}}, {"model": "MenuItem.menustatus", "pk": 27, "fields": {"menu_item": 27, "remaining_quantity": 100, "is_available": true, "date": "2023-12-30T00:00:00"}}, {"model": "MenuItem.menustatus", "pk": 28, "fields": {"menu_item": 28, "remaining_quantity": 100, "is_available": true, "date": "2023-12-30T00:00:00"}}, {"model": "MenuItem.menustatus", "pk": 29, "fields": {"menu_item": 29, "remaining_quantity": 100, "is_available": true, "date": "2023-12-30T00:00:00"}}, {"model": "MenuItem.menustatus", "pk": 30, "fields": {"menu_item": 30, "remaining_quantity": 100, "is_available": true, "date": "2023-12-30T00:00:00"}}, {"model": "MenuItem.menustatus", "pk": 31, "fields": {"menu_item": 31, "remaining_quantity": 100, "is_available": true, "date": "2023-12-30T00:00:00"}}, {"model": "MenuItem.menustatus", "pk": 32, "fields": {"menu_item": 32, "remaining_quantity": 100, "is_available": true, "date": "2023-12-30T00:00:00"}}, {"model": "MenuItem.menustatus", "pk": 33, "fields": {"menu_item": 33, "remaining_quantity": 100, "is_available": true, "date": "2023-12-30T00:00:00"}}, {"model": "MenuItem.menustatus", "pk": 34, "fields": {"menu_item": 34, "remaining_quantity": 100, "is_available": true, "date": "2023-12-30T00:00:00"}}, {"model": "MenuItem.menustatus", "pk": 35, "fields": {"menu_item": 35, "remaining_quantity": 40, "is_available": true, "date": "2023-12-30T00:00:00"}}, {"model": "MenuItem.menustatus", "pk": 36, "fields": {"menu_item": 36, "remaining_quantity": 100, "is_available": true, "date": "2023-12-30T00:00:00"}}, {"model": "MenuItem.menustatus", "pk": 37, "fields": {"menu_item": 37, "remaining_quantity": 100, "is_available": true, "date": "2023-12-30T00:00:00"}}, {"model": "MenuItem.menustatus", "pk": 38, "fields": {"menu_item": 38, "remaining_quantity": 100, "is_available": true, "date": "2023-12-30T00:00:00"}}, {"model": "MenuItem.menustatus", "pk": 39, "fields": {"menu_item": 39, "remaining_quantity": 100, "is_available": true, "date": "2023-12-30T00:00:00"}}, {"model": "MenuItem.menustatus", "pk": 40, "fields": {"menu_item": 40, "remaining_quantity": 100, "is_available": true, "date": "2023-12-30T00:00:00"}}, {"model": "MenuItem.menustatus", "pk": 41, "fields": {"menu_item": 41, "remaining_quantity": 100, "is_available": true, "date": "2023-12-30T00:00:00"}}, {"model": "MenuItem.menustatus", "pk": 42, "fields": {"menu_item": 42, "remaining_quantity": 100, "is_available": true, "date": "2023-12-30T00:00:00"}}, {"model": "MenuItem.menustatus", "pk": 43, "fields": {"menu_item": 43, "remaining_quantity": 100, "is_available": true, "date": "2023-12-30T00:00:00"}}, {"model": "MenuItem.menustatus", "pk": 44, "fields": {"menu_item": 44, "remaining_quantity": 100, "is_available": true, "date": "2023-12-30T00:00:00"}}, {"model": "MenuItem.menustatus", "pk": 45, "fields": {"menu_item": 45, "remaining_quantity": 100, "is_available": true, "date": "2023-12-30T00:00:00"}}, {"model": "MenuItem.menustatus", "pk": 46, "fields": {"menu_item": 46, "remaining_quantity": 100, "is_available": true, "date": "2023-12-30T00:00:00"}}, {"model": "MenuItem.menustatus", "pk": 47, "fields": {"menu_item": 47, "remaining_quantity": 100, "is_available": true, "date": "2023-12-30T00:00:00"}}, {"model": "MenuItem.menustatus", "pk": 48, "fields": {"menu_item": 48, "remaining_quantity": 100, "is_available": true, "date": "2023-12-30T00:00:00"}}, {"model": "MenuItem.menustatus", "pk": 49, "fields": {"menu_item": 49, "remaining_quantity": 100, "is_available": true, "date": "2023-12-30T00:00:00"}}, {"model": "MenuItem.menustatus", "pk": 50, "fields": {"menu_item": 50, "remaining_quantity": 100, "is_available": true, "date": "2023-12-30T00:00:00"}}, {"model": "MenuItem.menustatus", "pk": 51, "fields": {"menu_item": 51, "remaining_quantity": 100, "is_available": true, "date": "2023-12-30T00:00:00"}}, {"model": "MenuItem.menustatus", "pk": 52, "fields": {"menu_item": 52, "remaining_quantity": 100, "is_available": true, "date": "2023-12-30T00:00:00"}}, {"model": "MenuItem.menustatus", "pk": 53, "fields": {"menu_item": 53, "remaining_quantity": 100, "is_available": true, "date": "2023-12-30T00:00:00"}}, {"model": "MenuItem.menustatus", "pk": 54, "fields": {"menu_item": 54, "remaining_quantity": 100, "is_available": true, "date": "2023-12-30T00:00:00"}}, {"model": "MenuItem.menustatus", "pk": 55, "fields": {"menu_item": 55, "remaining_quantity": 100, "is_available": true, "date": "2023-12-30T00:00:00"}}, {"model": "MenuItem.menustatus", "pk": 56, "fields": {"menu_item": 56, "remaining_quantity": 100, "is_available": true, "date": "2023-12-30T00:00:00"}}, {"model": "MenuItem.menustatus", "pk": 57, "fields": {"menu_item": 57, "remaining_quantity": 100, "is_available": true, "date": "2023-12-30T00:00:00"}}, {"model": "MenuItem.menustatus", "pk": 58, "fields": {"menu_item": 58, "remaining_quantity": 100, "is_available": true, "date": "2023-12-30T00:00:00"}}, {"model": "MenuItem.menustatus", "pk": 59, "fields": {"menu_item": 59, "remaining_quantity": 100, "is_available": true, "date": "2023-12-30T00:00:00"}}, {"model": "MenuItem.menustatus", "pk": 60, "fields": {"menu_item": 60, "remaining_quantity": 100, "is_available": true, "date": "2023-12-30T00:00:00"}}, {"model": "MenuItem.menustatus", "pk": 61, "fields": {"menu_item": 61, "remaining_quantity": 100, "is_available": true, "date": "2023-12-30T00:00:00"}}, {"model": "MenuItem.menustatus", "pk": 62, "fields": {"menu_item": 62, "remaining_quantity": 100, "is_available": true, "date": "2023-12-30T00:00:00"}}, {"model": "MenuItem.menustatus", "pk": 63, "fields": {"menu_item": 63, "remaining_quantity": 100, "is_available": true, "date": "2023-12-30T00:00:00"}}, {"model": "MenuItem.menustatus", "pk": 64, "fields": {"menu_item": 64, "remaining_quantity": 100, "is_available": true, "date": "2023-12-30T00:00:00"}}, {"model": "MenuItem.menustatus", "pk": 65, "fields": {"menu_item": 65, "remaining_quantity": 100, "is_available": true, "date": "2023-12-30T00:00:00"}}, {"model": "MenuItem.menustatus", "pk": 66, "fields": {"menu_item": 66, "remaining_quantity": 100, "is_available": true, "date": "2023-12-30T00:00:00"}}, {"model": "MenuItem.menustatus", "pk": 67, "fields": {"menu_item": 67, "remaining_quantity": 100, "is_available": true, "date": "2023-12-30T00:00:00"}}, {"model": "MenuItem.menustatus", "pk": 68, "fields": {"menu_item": 68, "remaining_quantity": 100, "is_available": true, "date": "2023-12-30T00:00:00"}}, {"model": "MenuItem.menustatus", "pk": 69, "fields": {"menu_item": 69, "remaining_quantity": 100, "is_available": true, "date": "2023-12-30T00:00:00"}}, {"model": "MenuItem.menustatus", "pk": 70, "fields": {"menu_item": 70, "remaining_quantity": 100, "is_available": true, "date": "2023-12-30T00:00:00"}}, {"model": "MenuItem.menustatus", "pk": 71, "fields": {"menu_item": 71, "remaining_quantity": 100, "is_available": true, "date": "2023-12-30T00:00:00"}}, {"model": "MenuItem.menustatus", "pk": 72, "fields": {"menu_item": 72, "remaining_quantity": 100, "is_available": true, "date": "2023-12-30T00:00:00"}}, {"model": "MenuItem.menustatus", "pk": 73, "fields": {"menu_item": 73, "remaining_quantity": 100, "is_available": true, "date": "2023-12-30T00:00:00"}}, {"model": "MenuItem.menustatus", "pk": 74, "fields": {"menu_item": 74, "remaining_quantity": 100, "is_available": true, "date": "2023-12-30T00:00:00"}}, {"model": "MenuItem.menustatus", "pk": 75, "fields": {"menu_item": 75, "remaining_quantity": 100, "is_available": true, "date": "2023-12-30T00:00:00"}}, {"model": "MenuItem.menustatus", "pk": 76, "fields": {"menu_item": 76, "remaining_quantity": 100, "is_available": true, "date": "2023-12-30T00:00:00"}}, {"model": "MenuItem.menustatus", "pk": 77, "fields": {"menu_item": 77, "remaining_quantity": 100, "is_available": true, "date": "2023-12-30T00:00:00"}}, {"model": "MenuItem.menustatus", "pk": 78, "fields": {"menu_item": 78, "remaining_quantity": 100, "is_available": true, "date": "2023-12-30T00:00:00"}}, {"model": "MenuItem.menustatus", "pk": 79, "fields": {"menu_item": 79, "remaining_quantity": 100, "is_available": true, "date": "2023-12-30T00:00:00"}}, {"model": "MenuItem.menustatus", "pk": 80, "fields": {"menu_item": 80, "remaining_quantity": 100, "is_available": true, "date": "2023-12-30T00:00:00"}}, {"model": "MenuItem.menustatus", "pk": 81, "fields": {"menu_item": 81, "remaining_quantity": 100, "is_available": true, "date": "2023-12-30T00:00:00"}}, {"model": "MenuItem.menustatus", "pk": 82, "fields": {"menu_item": 82, "remaining_quantity": 100, "is_available": true, "date": "2023-12-30T00:00:00"}}, {"model": "MenuItem.menustatus", "pk": 83, "fields": {"menu_item": 83, "remaining_quantity": 100, "is_available": true, "date": "2023-12-30T00:00:00"}}, {"model": "MenuItem.menustatus", "pk": 84, "fields": {"menu_item": 84, "remaining_quantity": 100, "is_available": true, "date": "2023-12-30T00:00:00"}}, {"model": "MenuItem.menustatus", "pk": 85, "fields": {"menu_item": 85, "remaining_quantity": 100, "is_available": true, "date": "2023-12-30T00:00:00"}}, {"model": "MenuItem.menustatus", "pk": 86, "fields": {"menu_item": 86, "remaining_quantity": 100, "is_available": true, "date": "2023-12-30T00:00:00"}}, {"model": "MenuItem.menustatus", "pk": 87, "fields": {"menu_item": 87, "remaining_quantity": 100, "is_available": true, "date": "2023-12-30T00:00:00"}}, {"model": "MenuItem.menustatus", "pk": 88, "fields": {"menu_item": 88, "remaining_quantity": 100, "is_available": true, "date": "2023-12-30T00:00:00"}}, {"model": "MenuItem.menustatus", "pk": 89, "fields": {"menu_item": 89, "remaining_quantity": 100, "is_available": true, "date": "2023-12-30T00:00:00"}}, {"model": "MenuItem.menustatus", "pk": 90, "fields": {"menu_item": 90, "remaining_quantity": 100, "is_available": true, "date": "2023-12-30T00:00:00"}}, {"model": "MenuItem.menustatus", "pk": 93, "fields": {"menu_item": 93, "remaining_quantity": 100, "is_available": true, "date": "2023-12-30T00:00:00"}}, {"model": "MenuItem.menustatus", "pk": 94, "fields": {"menu_item": 94, "remaining_quantity": 100, "is_available": true, "date": "2023-12-30T00:00:00"}}, {"model": "MenuItem.menustatus", "pk": 95, "fields": {"menu_item": 95, "remaining_quantity": 100, "is_available": true, "date": "2023-12-30T00:00:00"}}, {"model": "MenuItem.menustatus", "pk": 96, "fields": {"menu_item": 96, "remaining_quantity": 100, "is_available": true, "date": "2023-12-30T00:00:00"}}, {"model": "MenuItem.menustatus", "pk": 97, "fields": {"menu_item": 97, "remaining_quantity": 100, "is_available": true, "date": "2023-12-30T00:00:00"}}, {"model": "MenuItem.menustatus", "pk": 98, "fields": {"menu_item": 98, "remaining_quantity": 100, "is_available": true, "date": "2023-12-30T00:00:00"}}, {"model": "MenuItem.menustatus", "pk": 99, "fields": {"menu_item": 99, "remaining_quantity": 100, "is_available": true, "date": "2023-12-30T00:00:00"}}, {"model": "MenuItem.menustatus", "pk": 100, "fields": {"menu_item": 100, "remaining_quantity": 100, "is_available": true, "date": "2023-12-30T00:00:00"}}, {"model": "MenuItem.menustatus", "pk": 101, "fields": {"menu_item": 101, "remaining_quantity": 100, "is_available": true, "date": "2023-12-30T00:00:00"}}, {"model": "MenuItem.menustatus", "pk": 102, "fields": {"menu_item": 102, "remaining_quantity": 100, "is_available": true, "date": "2023-12-30T00:00:00"}}, {"model": "MenuItem.menustatus", "pk": 103, "fields": {"menu_item": 103, "remaining_quantity": 100, "is_available": true, "date": "2023-12-30T00:00:00"}}, {"model": "MenuItem.menustatus", "pk": 104, "fields": {"menu_item": 104, "remaining_quantity": 100, "is_available": true, "date": "2023-12-30T00:00:00"}}, {"model": "MenuItem.menustatus", "pk": 105, "fields": {"menu_item": 105, "remaining_quantity": 100, "is_available": true, "date": "2023-12-30T00:00:00"}}, {"model": "MenuItem.menustatus", "pk": 106, "fields": {"menu_item": 106, "remaining_quantity": 100, "is_available": true, "date": "2023-12-30T00:00:00"}}, {"model": "MenuItem.menustatus", "pk": 107, "fields": {"menu_item": 107, "remaining_quantity": 100, "is_available": true, "date": "2023-12-30T00:00:00"}}, {"model": "MenuItem.menustatus", "pk": 108, "fields": {"menu_item": 108, "remaining_quantity": 100, "is_available": true, "date": "2023-12-30T00:00:00"}}, {"model": "MenuItem.menustatus", "pk": 109, "fields": {"menu_item": 109, "remaining_quantity": 100, "is_available": true, "date": "2023-12-30T00:00:00"}}, {"model": "MenuItem.menustatus", "pk": 110, "fields": {"menu_item": 110, "remaining_quantity": 100, "is_available": true, "date": "2023-12-30T00:00:00"}}, {"model": "MenuItem.menustatus", "pk": 111, "fields": {"menu_item": 111, "remaining_quantity": 100, "is_available": true, "date": "2023-12-30T00:00:00"}}, {"model": "MenuItem.menustatus", "pk": 112, "fields": {"menu_item": 112, "remaining_quantity": 100, "is_available": true, "date": "2023-12-30T00:00:00"}}, {"model": "MenuItem.menustatus", "pk": 113, "fields": {"menu_item": 113, "remaining_quantity": 100, "is_available": true, "date": "2023-12-30T00:00:00"}}, {"model": "MenuItem.menustatus", "pk": 114, "fields": {"menu_item": 114, "remaining_quantity": 100, "is_available": true, "date": "2023-12-30T00:00:00"}}, {"model": "MenuItem.menustatus", "pk": 115, "fields": {"menu_item": 115, "remaining_quantity": 100, "is_available": true, "date": "2023-12-30T00:00:00"}}, {"model": "MenuItem.menustatus", "pk": 116, "fields": {"menu_item": 116, "remaining_quantity": 100, "is_available": true, "date": "2023-12-30T00:00:00"}}, {"model": "MenuItem.menustatus", "pk": 117, "fields": {"menu_item": 117, "remaining_quantity": 100, "is_available": true, "date": "2023-12-30T00:00:00"}}, {"model": "MenuItem.menustatus", "pk": 118, "fields": {"menu_item": 118, "remaining_quantity": 100, "is_available": true, "date": "2023-12-30T00:00:00"}}, {"model": "MenuItem.menustatus", "pk": 119, "fields": {"menu_item": 119, "remaining_quantity": 100, "is_available": true, "date": "2023-12-30T00:00:00"}}, {"model": "MenuItem.menustatus", "pk": 120, "fields": {"menu_item": 120, "remaining_quantity": 100, "is_available": true, "date": "2023-12-30T00:00:00"}}, {"model": "MenuItem.menustatus", "pk": 121, "fields": {"menu_item": 121, "remaining_quantity": 100, "is_available": true, "date": "2023-12-30T00:00:00"}}, {"model": "MenuItem.menustatus", "pk": 122, "fields": {"menu_item": 122, "remaining_quantity": 100, "is_available": true, "date": "2023-12-30T00:00:00"}}, {"model": "MenuItem.menustatus", "pk": 123, "fields": {"menu_item": 123, "remaining_quantity": 100, "is_available": true, "date": "2023-12-30T00:00:00"}}, {"model": "MenuItem.menustatus", "pk": 124, "fields": {"menu_item": 124, "remaining_quantity": 100, "is_available": true, "date": "2023-12-30T00:00:00"}}, {"model": "MenuItem.menustatus", "pk": 125, "fields": {"menu_item": 125, "remaining_quantity": 100, "is_available": true, "date": "2023-12-30T00:00:00"}}, {"model": "MenuItem.menustatus", "pk": 126, "fields": {"menu_item": 126, "remaining_quantity": 100, "is_available": true, "date": "2023-12-30T00:00:00"}}, {"model": "MenuItem.menustatus", "pk": 127, "fields": {"menu_item": 127, "remaining_quantity": 100, "is_available": true, "date": "2023-12-30T00:00:00"}}, {"model": "MenuItem.menustatus", "pk": 128, "fields": {"menu_item": 128, "remaining_quantity": 100, "is_available": true, "date": "2023-12-30T00:00:00"}}, {"model": "MenuItem.menustatus", "pk": 129, "fields": {"menu_item": 129, "remaining_quantity": 100, "is_available": true, "date": "2023-12-30T00:00:00"}}, {"model": "MenuItem.menustatus", "pk": 130, "fields": {"menu_item": 130, "remaining_quantity": 100, "is_available": true, "date": "2023-12-30T00:00:00"}}, {"model": "MenuItem.menustatus", "pk": 131, "fields": {"menu_item": 131, "remaining_quantity": 100, "is_available": true, "date": "2023-12-30T00:00:00"}}, {"model": "MenuItem.menustatus", "pk": 132, "fields": {"menu_item": 132, "remaining_quantity": 100, "is_available": true, "date": "2023-12-30T00:00:00"}}, {"model": "MenuItem.menustatus", "pk": 133, "fields": {"menu_item": 133, "remaining_quantity": 100, "is_available": true, "date": "2023-12-30T00:00:00"}}, {"model": "MenuItem.menustatus", "pk": 134, "fields": {"menu_item": 134, "remaining_quantity": 100, "is_available": true, "date": "2023-12-30T00:00:00"}}, {"model": "MenuItem.menustatus", "pk": 135, "fields": {"menu_item": 135, "remaining_quantity": 100, "is_available": true, "date": "2023-12-30T00:00:00"}}, {"model": "MenuItem.menustatus", "pk": 136, "fields": {"menu_item": 136, "remaining_quantity": 100, "is_available": true, "date": "2023-12-30T00:00:00"}}, {"model": "MenuItem.menustatus", "pk": 137, "fields": {"menu_item": 137, "remaining_quantity": 100, "is_available": true, "date": "2023-12-30T00:00:00"}}, {"model": "MenuItem.menustatus", "pk": 138, "fields": {"menu_item": 138, "remaining_quantity": 100, "is_available": true, "date": "2023-12-30T00:00:00"}}, {"model": "MenuItem.menustatus", "pk": 139, "fields": {"menu_item": 139, "remaining_quantity": 100, "is_available": true, "date": "2023-12-30T00:00:00"}}, {"model": "MenuItem.menustatus", "pk": 140, "fields": {"menu_item": 140, "remaining_quantity": 100, "is_available": true, "date": "2023-12-30T00:00:00"}}, {"model": "MenuItem.menustatus", "pk": 141, "fields": {"menu_item": 141, "remaining_quantity": 100, "is_available": true, "date": "2023-12-30T00:00:00"}}, {"model": "MenuItem.menustatus", "pk": 142, "fields": {"menu_item": 142, "remaining_quantity": 100, "is_available": true, "date": "2023-12-30T00:00:00"}}, {"model": "MenuItem.menustatus", "pk": 143, "fields": {"menu_item": 143, "remaining_quantity": 100, "is_available": true, "date": "2023-12-30T00:00:00"}}, {"model": "MenuItem.menustatus", "pk": 144, "fields": {"menu_item": 144, "remaining_quantity": 100, "is_available": true, "date": "2023-12-30T00:00:00"}}, {"model": "MenuItem.menustatus", "pk": 145, "fields": {"menu_item": 145, "remaining_quantity": 100, "is_available": true, "date": "2023-12-30T00:00:00"}}, {"model": "MenuItem.menustatus", "pk": 146, "fields": {"menu_item": 146, "remaining_quantity": 100, "is_available": true, "date": "2023-12-30T00:00:00"}}, {"model": "MenuItem.menustatus", "pk": 147, "fields": {"menu_item": 147, "remaining_quantity": 100, "is_available": true, "date": "2023-12-30T00:00:00"}}, {"model": "MenuItem.menustatus", "pk": 148, "fields": {"menu_item": 148, "remaining_quantity": 100, "is_available": true, "date": "2023-12-30T00:00:00"}}, {"model": "MenuItem.menustatus", "pk": 149, "fields": {"menu_item": 149, "remaining_quantity": 100, "is_available": true, "date": "2023-12-30T00:00:00"}}, {"model": "MenuItem.menustatus", "pk": 150, "fields": {"menu_item": 150, "remaining_quantity": 100, "is_available": true, "date": "2023-12-30T00:00:00"}}, {"model": "MenuItem.menustatus", "pk": 151, "fields": {"menu_item": 151, "remaining_quantity": 100, "is_available": true, "date": "2023-12-30T00:00:00"}}, {"model": "MenuItem.menustatus", "pk": 152, "fields": {"menu_item": 152, "remaining_quantity": 100, "is_available": true, "date": "2023-12-30T00:00:00"}}, {"model": "MenuItem.menustatus", "pk": 153, "fields": {"menu_item": 153, "remaining_quantity": 100, "is_available": true, "date": "2023-12-30T00:00:00"}}, {"model": "MenuItem.menustatus", "pk": 154, "fields": {"menu_item": 154, "remaining_quantity": 100, "is_available": true, "date": "2023-12-30T00:00:00"}}, {"model": "MenuItem.menustatus", "pk": 155, "fields": {"menu_item": 155, "remaining_quantity": 100, "is_available": true, "date": "2023-12-30T00:00:00"}}, {"model": "MenuItem.menustatus", "pk": 156, "fields": {"menu_item": 156, "remaining_quantity": 100, "is_available": true, "date": "2023-12-30T00:00:00"}}, {"model": "MenuItem.menustatus", "pk": 157, "fields": {"menu_item": 157, "remaining_quantity": 100, "is_available": true, "date": "2023-12-30T00:00:00"}}, {"model": "MenuItem.menustatus", "pk": 158, "fields": {"menu_item": 158, "remaining_quantity": 100, "is_available": true, "date": "2023-12-30T00:00:00"}}, {"model": "MenuItem.menustatus", "pk": 159, "fields": {"menu_item": 159, "remaining_quantity": 100, "is_available": true, "date": "2023-12-30T00:00:00"}}, {"model": "MenuItem.menustatus", "pk": 160, "fields": {"menu_item": 160, "remaining_quantity": 100, "is_available": true, "date": "2023-12-30T00:00:00"}}, {"model": "MenuItem.menustatus", "pk": 161, "fields": {"menu_item": 161, "remaining_quantity": 100, "is_available": true, "date": "2023-12-30T00:00:00"}}, {"model": "MenuItem.menustatus", "pk": 162, "fields": {"menu_item": 162, "remaining_quantity": 100, "is_available": true, "date": "2023-12-30T00:00:00"}}, {"model": "MenuItem.menustatus", "pk": 163, "fields": {"menu_item": 163, "remaining_quantity": 100, "is_available": true, "date": "2023-12-30T00:00:00"}}, {"model": "MenuItem.menustatus", "pk": 164, "fields": {"menu_item": 164, "remaining_quantity": 100, "is_available": true, "date": "2023-12-30T00:00:00"}}, {"model": "MenuItem.menustatus", "pk": 165, "fields": {"menu_item": 165, "remaining_quantity": 100, "is_available": true, "date": "2023-12-30T00:00:00"}}]